SMILES,SMILES_state,Scaffold,R-groups,NLL
N=C(N)NCCCC(N)c1ccc(O)c(O)c1,1,C(NC(=N)N)CCC([*])[*],c1(O)cc(*)ccc1O|N*,11.25
CCCCCC=CCC(=CCN=C=S)C(=O)Nc1ccc(C(=N)NCCN=C(N)N=C(N)N=NC(=NCCCCN=C(N)N)C(C)C)cc1,1,[*]NC(c1ccc(N[*])cc1)=N,CC(C)C(N=NC(=NC(=NCC*)N)N)=NCCCCN=C(N)N|C(C(*)=O)(=CCN=C=S)CC=CCCCCC,49.99
CN(Cc1ccc(C(=N)NS(=O)(=O)O)cc1)Cc1ccccc1N(C)C,1,N(C(c1ccc(C[*])cc1)=N)[*],C(c1c(N(C)C)cccc1)N(C)*|O=S(=O)(O)*,24.22
Cc1cccc(CC(CCCNC(=N)N)c2ccc(C3CN(C)C(=N)S3)cc2)c1,1,C(NC(=N)N)CCC([*])[*],c1c(C*)cc(C)cc1|c1(*)ccc(C2SC(=N)N(C)C2)cc1,23.77
CC(=O)Nc1ccc(C(=N)Nc2ccc(C(=N)N)cc2)cc1,1,[*]NC(c1ccc(N[*])cc1)=N,c1c(C(=N)N)ccc(*)c1|O=C(C)*,10.08
CC1CN(C(=S)NCCCNC(=O)OCc2ccccc2)CCN1Cc1ccc(C(=N)NS(=O)(=O)Nc2ccccc2)cc1,1,N(C(c1ccc(C[*])cc1)=N)[*],S=C(N1CC(C)N(*)CC1)NCCCNC(OCc1ccccc1)=O|c1c(NS(=O)(*)=O)cccc1,36.54
N=C(N)NCCCC(Cc1ccc(O)cc1)c1ccccc1,1,C(NC(=N)N)CCC([*])[*],c1c(*)cccc1|*Cc1ccc(O)cc1,9.6
CC(=O)Nc1ccc(C(=N)NC(=O)c2ccc(OS(C)(=O)=O)cc2)cc1,1,[*]NC(c1ccc(N[*])cc1)=N,c1cc(OS(=O)(C)=O)ccc1C(*)=O|O=C(*)C,20.0
CSc1c(C)c(C)cc(NC(=O)c2cc(NC(=O)OCCCc3ccc(C(=N)NS(=O)(=O)O)cc3)cc(NNC(=S)NC(N)=O)n2)c1C(N)=O,1,N(C(c1ccc(C[*])cc1)=N)[*],c1c(NC(=O)OCC*)cc(C(=O)Nc2cc(C)c(C)c(SC)c2C(N)=O)nc1NNC(=S)NC(N)=O|O=S(=O)(*)O,62.95
CNC(CCCNC(=N)N)c1ccc(O)cc1,1,C(NC(=N)N)CCC([*])[*],c1c(*)ccc(O)c1|*NC,10.15
C=[N+]N=C=NCC=NC=NC(C=CNC(=N)C=CC1CSCN1C(=O)NC(=N)c1ccc(NC(C)=O)cc1)CN=C=NC=NSC=C=CN=C=N,1,[*]NC(c1ccc(N[*])cc1)=N,C(*)(=O)N1CSCC1C=CC(NC=CC(CN=C=NC=NSC=C=CN=C=N)N=CN=CCN=C=N[N+]=C)=N|*C(=O)C,65.42
CC(N)=NNC(=O)c1ccccc1OCc1ccc(C(=N)NS(N)(=O)=O)cc1,1,N(C(c1ccc(C[*])cc1)=N)[*],c1(C(NN=C(C)N)=O)c(O*)cccc1|O=S(=O)(*)N,19.53
CN=C(N)Nc1ccc(CC(=O)Nc2ccc(CCCNC(=O)CCC(CCl)CCCNC(=N)N)cc2)cc1,1,C(NC(=N)N)CCC([*])[*],C(Cl)*|C(*)CC(=O)NCCCc1ccc(NC(Cc2ccc(NC(N)=NC)cc2)=O)cc1,39.0
CN=C(N)C=Cc1cccc(NC(=N)c2ccc(NC(C)=O)cc2)c1,1,[*]NC(c1ccc(N[*])cc1)=N,c1c(*)cccc1C=CC(=NC)N|CC(*)=O,17.69
N=C(NS(=O)(=O)c1ccccc1OC(Cl)(Cl)Cl)c1ccc(Cc2c(N)ncn(C3CCCCCC3)c2=O)cc1,1,N(C(c1ccc(C[*])cc1)=N)[*],C1(n2c(=O)c(*)c(N)nc2)CCCCCC1|O=S(*)(=O)c1c(OC(Cl)(Cl)Cl)cccc1,30.1
CC(C)CC(N)CCCNC(=N)N,1,C(NC(=N)N)CCC([*])[*],*CC(C)C|N*,7.15
CC(C)(C)c1ccc(C(=O)Nc2ccc(C(=N)NC=O)cc2)cc1,1,[*]NC(c1ccc(N[*])cc1)=N,O=C*|CC(C)(C)c1ccc(C(*)=O)cc1,12.44
COc1cc(N)c(C(=O)NCCOS(=O)(=O)NC(=N)c2ccc(CNc3cc(C4CCCCC4)nc(CN)c3O)cc2)cc1OC,1,N(C(c1ccc(C[*])cc1)=N)[*],C1(c2cc(N*)c(O)c(CN)n2)CCCCC1|O=S(=O)(*)OCCNC(=O)c1c(N)cc(OC)c(OC)c1,41.24
CC(N)CCCNC(=N)N,1,C(NC(=N)N)CCC([*])[*],C*|*N,4.57
CC(=O)Nc1ccc(C(=N)Nc2ccccc2)cc1,1,[*]NC(c1ccc(N[*])cc1)=N,c1ccccc1*|C(C)(*)=O,9.05
Cc1cc(CNC(=O)Oc2cc(OCc3ccccc3)c(N=[N+]=[N-])cc2OC(=O)CCc2ccc(C(=N)NC(=O)OCc3ccccc3)cc2)ccc1OS(=O)(=O)c1cccc(N)c1,1,N(C(c1ccc(C[*])cc1)=N)[*],c1c(COc2c(N=[N+]=[N-])cc(OC(C*)=O)c(OC(=O)NCc3ccc(OS(c4cccc(N)c4)(=O)=O)c(C)c3)c2)cccc1|c1ccc(COC(=O)*)cc1,51.17
CC(C)CCC(CCCNC(=N)N)C1CCC(C)CC1,1,C(NC(=N)N)CCC([*])[*],C1(*)CCC(C)CC1|CC(CC*)C,16.46
N=C(NC(=O)c1ccccc1)c1ccc(NC(=O)CCC(=O)NN=CCNC(N)=S)cc1,1,[*]NC(c1ccc(N[*])cc1)=N,c1ccccc1C(*)=O|*C(=O)CCC(=O)NN=CCNC(N)=S,28.7
Cc1cc(NC(=O)OCc2cccc(C=NNC(=O)NC(C)CN)c2OCc2ccc(C(=N)NC(N)=O)cc2)c(Nc2cc(C)c(OC(=O)CCCN=C(N)N)c(Br)c2)c(CCl)c1Cl,1,N(C(c1ccc(C[*])cc1)=N)[*],O=C(NN=Cc1c(O*)c(COC(Nc2cc(C)c(Cl)c(CCl)c2Nc2cc(C)c(OC(=O)CCCN=C(N)N)c(Br)c2)=O)ccc1)NC(CN)C|O=C(*)N,64.7
CC(C)C(CCCNC(=N)N)CC(=O)NC(Cc1ccc(O)cc1)C(=O)NCC(=O)NCCOCCN,1,C(NC(=N)N)CCC([*])[*],CC(C)*|O=C(C(Cc1ccc(O)cc1)NC(C*)=O)NCC(NCCOCCN)=O,28.65
N=C(NS(=O)(=O)c1ccccc1)c1ccc(CN)cc1,1,N(C(c1ccc(C[*])cc1)=N)[*],*N|c1ccccc1S(=O)(=O)*,9.32
N=C(N)NCCCC(N)N,1,C(NC(=N)N)CCC([*])[*],*N|N*,5.95
CC(C)(C)OC(=O)N=C(N)c1ccc(C(=O)NC(=N)c2ccc(NC(=O)c3ccccc3)cc2)cc1,1,[*]NC(c1ccc(N[*])cc1)=N,*C(=O)c1ccc(C(N)=NC(OC(C)(C)C)=O)cc1|C(=O)(*)c1ccccc1,19.12
CCCOC(=O)N(C(=O)c1ccccc1)c1ccc(OCc2ccc(C(=N)NC(N)=O)cc2)c(OC)c1,1,N(C(c1ccc(C[*])cc1)=N)[*],c1c(C(N(c2cc(OC)c(O*)cc2)C(=O)OCCC)=O)cccc1|*C(=O)N,30.65
CC(CCCNC(=N)N)c1ccccc1,1,C(NC(=N)N)CCC([*])[*],*C|c1cccc(*)c1,8.5
CCCCCN=C=NC(=NC(N)=NCCN1CCCCC1)SC1CCN(CCNC(=N)c2ccc(NC(C)=O)cc2)C1,1,[*]NC(c1ccc(N[*])cc1)=N,*CCN1CC(SC(=NC(=NCCN2CCCCC2)N)N=C=NCCCCC)CC1|*C(C)=O,42.91
CC(C)C(N)CCCNC(=N)N,1,C(NC(=N)N)CCC([*])[*],N*|*C(C)C,7.61
CNc1nc(CNCc2ccc(C(=N)NS(=O)(=O)Oc3ccccc3)cc2)c(Br)c(Nc2ccccc2CCS(N)(=O)=O)n1,1,N(C(c1ccc(C[*])cc1)=N)[*],Brc1c(CN*)nc(NC)nc1Nc1c(CCS(=O)(N)=O)cccc1|c1(OS(*)(=O)=O)ccccc1,40.83
CCC(N)CCCNC(=N)N,1,C(NC(=N)N)CCC([*])[*],CC*|*N,6.93
N=C(NC(=O)CCCC(=NN=C(N)N)c1ccccc1)c1ccc(NC(=O)CCCN=C(N)N)cc1,1,[*]NC(c1ccc(N[*])cc1)=N,c1cc(C(CCCC(*)=O)=NN=C(N)N)ccc1|C(CCC(*)=O)N=C(N)N,22.31
CNc1cc(NCc2ccc(C(=N)NC(N)=O)cc2)nc(N)n1,1,N(C(c1ccc(C[*])cc1)=N)[*],*Nc1cc(NC)nc(N)n1|C(=O)(*)N,17.21
Cc1ccc(OCC(=O)O)cc1C(CCCNC(=N)N)c1ccccc1,1,C(NC(=N)N)CCC([*])[*],c1cccc(*)c1|c1(*)c(C)ccc(OCC(O)=O)c1,18.19
CCc1ccc(C(=N)NS(=O)(=O)c2ccc(NC(=O)OCCCCNc3c(CNS(=O)(=O)c4cccc([N+](=O)[O-])c4)cc([N+](=O)[O-])cc3[N+](=O)[O-])cc2)cc1,1,N(C(c1ccc(C[*])cc1)=N)[*],*C|O=S(*)(=O)c1ccc(NC(OCCCCNc2c([N+](=O)[O-])cc([N+](=O)[O-])cc2CNS(=O)(c2cc([N+]([O-])=O)ccc2)=O)=O)cc1,42.15
Cc1cc(O)ccc1C(CCCNC(=N)N)C(C)C,1,C(NC(=N)N)CCC([*])[*],C(C)(C)*|c1c(*)c(C)cc(O)c1,13.84
CCCCCc1ccc(NC(=N)c2ccc(NC(=O)C(N)Cc3ccccc3)cc2)cc1,1,[*]NC(c1ccc(N[*])cc1)=N,*c1ccc(CCCCC)cc1|NC(Cc1ccccc1)C(=O)*,17.18
Cc1ccccc1S(=O)(=O)NC(=N)c1ccc(CC(CO)c2c(C)cccc2NC(=O)c2ccccc2)cc1,1,N(C(c1ccc(C[*])cc1)=N)[*],C(O)C(*)c1c(C)cccc1NC(c1ccccc1)=O|c1c(S(*)(=O)=O)c(C)ccc1,31.97
N=C(N)NCCCC(c1cccc(CN)c1)c1cccc(CNCCN2SCCC2CNC(=O)Cc2cccc3ccccc23)c1,1,C(NC(=N)N)CCC([*])[*],c1c(*)cc(CNCCN2C(CNC(Cc3c4ccccc4ccc3)=O)CCS2)cc1|c1c(*)cc(CN)cc1,39.32
CC(=O)Nc1ccc(C(=N)NC(=O)N=C(N)N)cc1,1,[*]NC(c1ccc(N[*])cc1)=N,NC(=NC(*)=O)N|*C(=O)C,11.59
N=C(NC(N)=O)c1ccc(CNc2nnc(N)[nH]2)cc1,1,N(C(c1ccc(C[*])cc1)=N)[*],c1(N)[nH]c(N*)nn1|C(=O)(N)*,16.13
N=C(N)NCCCC(Cc1ccccc1)c1ccccc1,1,C(NC(=N)N)CCC([*])[*],c1c(*)cccc1|C(*)c1ccccc1,9.0
CC(=O)Nc1ccc(C(=N)NC(=O)C=Cc2ccc(N)cc2)cc1,1,[*]NC(c1ccc(N[*])cc1)=N,c1cc(C=CC(=O)*)ccc1N|CC(*)=O,11.75
COc1ccc(Br)cc1CNCCCNCCCNCCCNCCc1cc(Br)c(Oc2ccc(N=C(N)c3ccccn3)cc2)c(CN(C)Cc2ccc(C(=N)NS(=O)(=O)O)cc2)c1O,1,N(C(c1ccc(C[*])cc1)=N)[*],C(c1c(O)c(CN(*)C)c(Oc2ccc(N=C(N)c3ncccc3)cc2)c(Br)c1)CNCCCNCCCNCCCNCc1c(OC)ccc(Br)c1|*S(=O)(=O)O,54.47
N=C(NC(=O)CCc1ccccc1)c1ccc(NC(=O)c2ccccc2)cc1,1,[*]NC(c1ccc(N[*])cc1)=N,c1cccc(CCC(*)=O)c1|C(=O)(*)c1ccccc1,13.78
CCN1CC(C)N=C(N)C1Oc1cccc2ccnc(Cc3ccc(C(=N)NS(=O)(=O)c4ccccc4)cc3)c12,1,N(C(c1ccc(C[*])cc1)=N)[*],c1cc(OC2C(N)=NC(C)CN2CC)c2c(*)nccc2c1|*S(=O)(=O)c1ccccc1,42.97
CC1(C)C(CC(CCCNC(=N)N)c2ccccc2)C1C(=O)NCCC(N)=NCCN,1,C(NC(=N)N)CCC([*])[*],C1(C*)C(C)(C)C1C(=O)NCCC(=NCCN)N|c1ccccc1*,25.95
COC(=O)NC(=N)c1ccc(Cn2c(=O)[nH]c3ccccc3c2=O)cc1,1,N(C(c1ccc(C[*])cc1)=N)[*],C1(=O)N(*)C(=O)c2ccccc2N1|*C(=O)OC,14.78
CC(=O)Cc1cccc(C(CCCNC(=N)N)c2ccccc2)c1,1,C(NC(=N)N)CCC([*])[*],c1c(*)cccc1|c1c(*)cc(CC(C)=O)cc1,19.13
N=C(NC=O)c1ccc(NC(=O)CCc2ccccc2)cc1,1,[*]NC(c1ccc(N[*])cc1)=N,O=C*|C(*)(CCc1ccccc1)=O,11.95
COc1ccc(CNCCOC(=O)c2ccccc2S(=O)(=O)NC(=N)c2ccc(CNc3cc(C(N)=NON)cc4c(Cl)cccc34)cc2)cc1,1,N(C(c1ccc(C[*])cc1)=N)[*],c1c(Cl)c2c(c(N*)cc(C(=NON)N)c2)cc1|O=S(*)(=O)c1c(C(OCCNCc2ccc(OC)cc2)=O)cccc1,43.32
N=C(N)NCCCC(c1ccc(Cl)cc1)c1cccc(Cl)c1,1,C(NC(=N)N)CCC([*])[*],*c1cccc(Cl)c1|c1(*)ccc(Cl)cc1,16.19
N=C(NC(=O)c1ccc(C(N)=NCC(N)CCN=C(N)N)cc1)c1ccc(NC(=O)CCCN=C(N)N)cc1,1,[*]NC(c1ccc(N[*])cc1)=N,N(=C(c1ccc(C(*)=O)cc1)N)CC(CCN=C(N)N)N|O=C(CCCN=C(N)N)*,30.84
CCc1c(N(C(=O)NCC(=O)NCCCN=C(N)N)c2c(OCc3ccc(C(=N)NC(N)=O)cc3)ccc(C)c2C)ccc(O)c1CNCc1cc(N)cc(C(=O)O)c1,1,N(C(c1ccc(C[*])cc1)=N)[*],c1(N(c2c(C)c(C)ccc2O*)C(NCC(NCCCN=C(N)N)=O)=O)c(CC)c(CNCc2cc(N)cc(C(=O)O)c2)c(O)cc1|C(=O)(*)N,51.21
CC(C)C(C)CCCNC(=N)N,1,C(NC(=N)N)CCC([*])[*],C(*)(C)C|C*,8.08
CC(=O)Nc1ccc(C(=N)Nc2ccc(C(N)=NC(C)C)cc2)cc1,1,[*]NC(c1ccc(N[*])cc1)=N,*c1ccc(C(N)=NC(C)C)cc1|CC(*)=O,11.87
Cc1cc(N)c(N)nc1CNCc1ccc(C(=N)NS(=O)(=O)c2ccccc2)cc1,1,N(C(c1ccc(C[*])cc1)=N)[*],n1c(CN*)c(C)cc(N)c1N|c1ccccc1S(=O)(=O)*,23.52
CC(N)CCCNC(=N)N,1,C(NC(=N)N)CCC([*])[*],*N|C*,5.46
N=C(NCC1N=NN=N1)c1ccc(NC(=O)CN=C(N)N)cc1,1,[*]NC(c1ccc(N[*])cc1)=N,N1=NN=NC1C*|O=C(CN=C(N)N)*,20.2
CCOC(=O)c1c(NS(=O)(=O)CCF)cccc1OCCSC(=O)Oc1ccc(Br)c(S(=O)(=O)NC(=N)c2ccc(CN3CCN(c4ccc(OC)cc4)CC3)cc2)c1,1,N(C(c1ccc(C[*])cc1)=N)[*],C1CN(c2ccc(OC)cc2)CCN1*|*S(=O)(=O)c1c(Br)ccc(OC(SCCOc2cccc(NS(=O)(CCF)=O)c2C(=O)OCC)=O)c1,61.46
CC(C)N=C(N)c1ccc(CCc2cccc(C(N)CCCNC(=N)N)c2)cc1,1,C(NC(=N)N)CCC([*])[*],c1c(*)cc(CCc2ccc(C(=NC(C)C)N)cc2)cc1|*N,20.26
Cc1cc(C)c(S(=O)(=O)NC(=N)c2ccc(CN3CCN(C(=O)CCc4ccc(N=Nc5ccccc5C(=O)NCCCCN=C(N)N)cc4)CC3)cc2)c(C)c1,1,N(C(c1ccc(C[*])cc1)=N)[*],*N1CCN(C(CCc2ccc(N=Nc3c(C(NCCCCN=C(N)N)=O)cccc3)cc2)=O)CC1|*S(=O)(=O)c1c(C)cc(C)cc1C,38.56
N=C(N)NCCCC(N)CCCCN,1,C(NC(=N)N)CCC([*])[*],*CCCCN|*N,11.19
CC(=O)NC(=N)c1ccc(NC(C)=O)cc1,1,[*]NC(c1ccc(N[*])cc1)=N,CC(=O)*|C(=O)(*)C,8.9
N=C(NC(=O)Nc1cccc(CCl)c1)c1ccc(Cc2cccc(OCC(=O)NCCN)c2ON=Cc2cn(Cc3cccc(-c4ccccc4)c3)ccc2=O)cc1,1,N(C(c1ccc(C[*])cc1)=N)[*],O(c1c(OCC(NCCN)=O)cccc1*)N=Cc1c(=O)ccn(Cc2cccc(-c3ccccc3)c2)c1|N(C(*)=O)c1cc(CCl)ccc1,57.29
C=CCOC(=O)NC(=N)c1ccc(NC(=O)c2ccccc2)cc1,1,[*]NC(c1ccc(N[*])cc1)=N,O=C(*)OCC=C|O=C(*)c1ccccc1,11.01
N=C(N)NCCCC(C1CCCCC1)C1CC1,1,C(NC(=N)N)CCC([*])[*],C1C(*)C1|C1C(*)CCCC1,10.93
CC(COC(=O)Nc1ccc(C(=N)NC(=O)CC[n+]2cccc(C(=NN=Nc3ccc(N)cc3)c3ccccc3)c2)cc1)=NN=C(N)N,1,[*]NC(c1ccc(N[*])cc1)=N,c1[n+](CCC(=O)*)cccc1C(=NN=Nc1ccc(N)cc1)c1ccccc1|*C(OCC(C)=NN=C(N)N)=O,45.16
N=C(NC(=O)c1ccc(CCl)cc1)c1ccc(CN)cc1,1,N(C(c1ccc(C[*])cc1)=N)[*],N*|c1(C(=O)*)ccc(CCl)cc1,17.7
N=C(N)NCCCC(Cc1ccc(O)cc1)NCC1CCNC1C(=O)NCCNS(=O)(=O)Cc1ccccc1Cl,1,C(NC(=N)N)CCC([*])[*],c1c(C*)ccc(O)c1|C1(CN*)C(C(=O)NCCNS(Cc2c(Cl)cccc2)(=O)=O)NCC1,32.34
C=CCOC(=O)Nc1ccc(C(=N)Nc2ccc(C)cc2)cc1,1,[*]NC(c1ccc(N[*])cc1)=N,c1(*)ccc(C)cc1|C(COC(*)=O)=C,17.83
Cc1ccccc1N=Nc1ccc(O)c(OCc2ccc(C(=N)NC(N)=O)cc2)c1,1,N(C(c1ccc(C[*])cc1)=N)[*],c1(N=Nc2cc(O*)c(O)cc2)c(C)cccc1|NC(=O)*,25.96
CC(CCCNC(=N)N)c1cccc(CCCC(=O)O)c1,1,C(NC(=N)N)CCC([*])[*],c1cc(CCCC(O)=O)cc(*)c1|C*,16.95
COc1cc(OC)c(OC)cc1N=Nc1c(OC(=O)Oc2c(OC)cccc2S(=O)(=O)NC(=N)c2ccc(COc3ccc(NC(N)=O)c(O)c3)cc2)cccc1C(=O)O,1,N(C(c1ccc(C[*])cc1)=N)[*],N(C(=O)N)c1ccc(O*)cc1O|c1cc(S(*)(=O)=O)c(OC(=O)Oc2c(N=Nc3cc(OC)c(OC)cc3OC)c(C(=O)O)ccc2)c(OC)c1,49.78
CNC(CCCNC(=N)N)Cc1ccc(O)cc1,1,C(NC(=N)N)CCC([*])[*],N(*)C|c1cc(C*)ccc1O,12.24
N=C(NC=O)c1ccc(NC(=O)c2ccccc2)cc1,1,[*]NC(c1ccc(N[*])cc1)=N,C(*)=O|c1cccc(C(*)=O)c1,9.58
N=C(NC(=O)OCc1ccccc1)c1ccc(CNS(=O)(=O)c2ccc(NC(=S)NS(=O)(=O)c3ccccc3Br)cc2[N+](=O)[O-])cc1,1,N(C(c1ccc(C[*])cc1)=N)[*],N(S(=O)(c1c([N+](=O)[O-])cc(NC(=S)NS(=O)(c2ccccc2Br)=O)cc1)=O)*|*C(OCc1ccccc1)=O,39.05
CC(C)CC(CCCNC(=N)N)Cc1ccccc1,1,C(NC(=N)N)CCC([*])[*],C(*)C(C)C|c1ccccc1C*,13.27
CC(=O)Nc1ccc(C(=N)NC(=O)C=CCN(C)C)cc1,1,[*]NC(c1ccc(N[*])cc1)=N,CN(C)CC=CC(*)=O|CC(=O)*,14.75
CCc1ccc(C(=N)NC(=O)NC(=O)CN2CCCC(CS(N)(=O)=O)C2c2ccccc2)cc1,1,N(C(c1ccc(C[*])cc1)=N)[*],C*|*C(=O)NC(CN1CCCC(CS(=O)(=O)N)C1c1ccccc1)=O,35.41
Cc1cc(C(CCCNC(=N)N)c2ccccc2)cc(CC(C)C)c1N,1,C(NC(=N)N)CCC([*])[*],c1c(*)cccc1|c1(C)cc(*)cc(CC(C)C)c1N,17.05
CCc1ccc(C=CC(=O)NC(=N)c2ccc(NC(C)=O)cc2)cc1,1,[*]NC(c1ccc(N[*])cc1)=N,C(*)(C=Cc1ccc(CC)cc1)=O|CC(*)=O,19.32
COC(=O)N(c1cc[n+](CNc2cccc(CCC(=O)NCCc3cc(OCc4ccc(C(=N)NC(N)=O)cc4)cc(NC=O)c3O)c2)cc1)c1ccccc1OC(C)C,1,N(C(c1ccc(C[*])cc1)=N)[*],C(CC(=O)NCCc1c(O)c(NC=O)cc(O*)c1)c1cccc(NC[n+]2ccc(N(c3ccccc3OC(C)C)C(OC)=O)cc2)c1|*C(=O)N,56.86
N=C(N)NCCCC(c1ccccc1)C1CCCCC1,1,C(NC(=N)N)CCC([*])[*],c1c(*)cccc1|C1CC(*)CCC1,9.41
CC(C)(C)OC(=O)NC(=N)c1ccc(NC(=O)CN)cc1,1,[*]NC(c1ccc(N[*])cc1)=N,CC(C)(OC(*)=O)C|*C(CN)=O,15.66
N=C(NC(=O)c1ccccc1)c1ccc(CNC(Nc2cccc(N)c2C(N)=O)C(=O)NCCCN=C(N)N)cc1,1,N(C(c1ccc(C[*])cc1)=N)[*],NC(N)=NCCCNC(=O)C(N*)Nc1c(C(N)=O)c(N)ccc1|c1c(C(*)=O)cccc1,33.05
N=C(N)NCCCC(Cc1ccccc1)c1ccc(O)cc1,1,C(NC(=N)N)CCC([*])[*],c1c(*)ccc(O)c1|c1ccc(C*)cc1,9.69
CC(C)(C)OC(=O)NC(=N)c1ccc(NC(=O)c2ccc(C#N)cc2)cc1,1,[*]NC(c1ccc(N[*])cc1)=N,CC(C)(OC(*)=O)C|O=C(*)c1ccc(C#N)cc1,17.73
CC(=NC(N)=NC(=O)NCc1ccccc1)NCCc1ccc(OCc2ccc(C(N)CCCNC(=N)N)cc2)cc1,1,C(NC(=N)N)CCC([*])[*],c1c(*)ccc(COc2ccc(CCNC(=NC(=NC(=O)NCc3ccccc3)N)C)cc2)c1|N*,24.92
C=CCc1ccc(Oc2ccc(N=C=CCCCCC=NN)cc2C(=O)O)c(C(=O)NC(=N)c2ccc(NC(=O)CCC(=O)O)cc2)c1,1,[*]NC(c1ccc(N[*])cc1)=N,O=C(*)c1c(Oc2ccc(N=C=CCCCCC=NN)cc2C(O)=O)ccc(CC=C)c1|C(=O)(CCC(=O)O)*,44.22
C[n+]1ccc(C(=CCc2cc(COCc3ccccc3)c(Oc3ccccc3)cc2COCc2ccc(C(=N)NC(N)=O)cc2)NS(=O)(=O)O)cc1,1,N(C(c1ccc(C[*])cc1)=N)[*],c1c(Oc2cc(CO*)c(CC=C(NS(O)(=O)=O)c3cc[n+](C)cc3)cc2COCc2ccccc2)cccc1|*C(=O)N,47.14
N=C(N)NCCCC(N)c1ccccc1,1,C(NC(=N)N)CCC([*])[*],N*|c1(*)ccccc1,5.9
N=C(NC(=O)OC1CCCCC1C=CN=C(N)N)c1ccc(NC(=O)CN)cc1,1,[*]NC(c1ccc(N[*])cc1)=N,*C(=O)OC1CCCCC1C=CN=C(N)N|O=C(*)CN,23.33
N=C(N)NCCCC(N)c1ccc2ccccc2c1,1,C(NC(=N)N)CCC([*])[*],c1c(*)ccc2c1cccc2|N*,11.21
N=C(NC=O)c1ccc(Nc2ccccc2)cc1,1,[*]NC(c1ccc(N[*])cc1)=N,O=C*|c1(*)ccccc1,8.37
CCN(CC)CCNc1ccc(OCCN2CCN(C(=O)Nc3cc(OC)c(Cl)cc3OC)CC2)cc1NCc1ccc(C(=N)NC(=O)OC)cc1,1,N(C(c1ccc(C[*])cc1)=N)[*],*Nc1c(NCCN(CC)CC)ccc(OCCN2CCN(C(=O)Nc3c(OC)cc(Cl)c(OC)c3)CC2)c1|C(OC)(=O)*,46.94
N=C(N)NCCCC(CC1CCCCC1)c1ccc(CO)cc1,1,C(NC(=N)N)CCC([*])[*],c1cc(*)ccc1CO|*CC1CCCCC1,18.55
N=C(NC(=O)CCC(=O)O)c1ccc(NC(=O)c2ccccc2)cc1,1,[*]NC(c1ccc(N[*])cc1)=N,C(CC(=O)*)C(O)=O|C(*)(c1ccccc1)=O,17.4
COc1c(NC2CCC(N)CC2)cc(NCc2ccc(C(=N)NC(N)=NN)cc2)c(C(N)=O)c1C,1,N(C(c1ccc(C[*])cc1)=N)[*],C1(Nc2cc(N*)c(C(N)=O)c(C)c2OC)CCC(N)CC1|NN=C(*)N,36.33
Cc1cccc(C(CCCNC(=N)N)c2ccccc2)c1,1,C(NC(=N)N)CCC([*])[*],Cc1cccc(*)c1|*c1ccccc1,13.59
N=C(NC(=O)CCN=C(N)N)c1ccc(NC(=O)N=C(N)NCCCCN=C(N)N)cc1,1,[*]NC(c1ccc(N[*])cc1)=N,O=C(CCN=C(N)N)*|NC(=NC(*)=O)NCCCCN=C(N)N,20.27
Cc1cc(S(=O)(=O)N(C)Cc2ccc(C(=N)NC(=O)c3ccccc3C(=O)OCc3ccccc3)cc2)ccc1OC(=O)NCc1nn(C)cc1Br,1,N(C(c1ccc(C[*])cc1)=N)[*],c1cc(S(N(*)C)(=O)=O)cc(C)c1OC(NCc1c(Br)cn(C)n1)=O|c1c(C(=O)*)c(C(OCc2ccccc2)=O)ccc1,44.47
Cc1ccc(C(CCCNC(=N)N)CCc2ccc(N(C)C)cc2)cc1,1,C(NC(=N)N)CCC([*])[*],c1c(C)ccc(*)c1|*CCc1ccc(N(C)C)cc1,18.8
N=C(N)c1cccc(CNC(=N)c2ccc(NC(=O)Cc3ccccc3)cc2)c1,1,[*]NC(c1ccc(N[*])cc1)=N,c1ccc(C(=N)N)cc1C*|c1cccc(CC(*)=O)c1,15.72
Cc1cccc(N(CCOc2ccc(C3CCCCN3Cc3ccc(C(=N)NC(=O)NOC(c4ccccc4)c4ccccc4)cc3)cc2)S(=O)(=O)c2c(C)cc(C)c(N)c2C)c1C,1,N(C(c1ccc(C[*])cc1)=N)[*],c1(N(CCOc2ccc(C3CCCCN3*)cc2)S(=O)(=O)c2c(C)c(N)c(C)cc2C)c(C)c(C)ccc1|c1ccc(C(c2ccccc2)ONC(=O)*)cc1,57.82
N=C(N)NCCCC(NCCc1ccccc1)c1ccc(O)cc1,1,C(NC(=N)N)CCC([*])[*],c1(*)ccc(O)cc1|C(CN*)c1ccccc1,15.82
N=C(N)c1ccc(NC(=N)c2ccc(NC(=O)CCl)cc2)cc1,1,[*]NC(c1ccc(N[*])cc1)=N,c1cc(C(=N)N)ccc1*|*C(CCl)=O,11.73
CNC(CCCNC(=N)N)c1ccc(C)cc1,1,C(NC(=N)N)CCC([*])[*],c1(C)ccc(*)cc1|CN*,11.61
CC(C)=CC(=O)NC(=N)c1ccc(NC(=O)c2ccc(C(N)=NC(=N)OCc3ccccc3)cc2)cc1,1,[*]NC(c1ccc(N[*])cc1)=N,C(C=C(C)C)(*)=O|c1c(C(=NC(OCc2ccccc2)=N)N)ccc(C(=O)*)c1,21.53
CCCCSOC(=O)Nc1c(N)cc(NC(=O)c2ccc(N)c(OC)c2)cc1N=Cc1cc(OC)ccc1NCc1ccc(C(=N)NS(=O)(=O)c2ccccc2NC(=O)OCCl)cc1,1,N(C(c1ccc(C[*])cc1)=N)[*],C(c1c(N*)ccc(OC)c1)=Nc1c(NC(OSCCCC)=O)c(N)cc(NC(=O)c2ccc(N)c(OC)c2)c1|O=S(*)(=O)c1ccccc1NC(OCCl)=O,62.18
N=C(N)NCCCC(CC=CCS)c1ccc(O)cc1,1,C(NC(=N)N)CCC([*])[*],*CC=CCS|c1(O)ccc(*)cc1,19.6
CCCCCC=CCC=CCC=CCC=CC(=O)NC(=N)c1ccc(NC(C)=O)cc1,1,[*]NC(c1ccc(N[*])cc1)=N,C(C=CCC=CCC=CCC=CCCCCC)(*)=O|CC(=O)*,16.34
COc1ccc(N(CC(=O)OCCN(C)C)S(=O)(=O)Cc2c(NCc3ccc(C(=N)NC(N)=O)cc3)cccc2OC(=O)Nc2cccc(Cl)c2)c(OC)c1,1,N(C(c1ccc(C[*])cc1)=N)[*],C(OC(=O)CN(S(=O)(Cc1c(N*)cccc1OC(=O)Nc1cccc(Cl)c1)=O)c1c(OC)cc(OC)cc1)CN(C)C|O=C(*)N,51.93
N=C(Nc1ccccc1C(N)=NCCC(N)=NC=NC(N)C=Cc1cccc(N)c1)c1ccc(NC=O)cc1,1,[*]NC(c1ccc(N[*])cc1)=N,C(N)(c1c(*)cccc1)=NCCC(=NC=NC(C=Cc1cc(N)ccc1)N)N|C(=O)*,38.93
CCC(Cc1ccc(C(=N)NC(=O)ON=Cc2cccc(OCc3ccccc3C(=O)O)c2)cc1)Cc1cc(OC(F)F)ccc1OCC(N)=O,1,N(C(c1ccc(C[*])cc1)=N)[*],C(CC)(*)Cc1c(OCC(N)=O)ccc(OC(F)F)c1|c1cc(C(=O)O)c(COc2cccc(C=NOC(*)=O)c2)cc1,51.15
Cc1ccc(C(CCCNC(=N)N)C2CCCCC2)cc1,1,C(NC(=N)N)CCC([*])[*],c1(*)ccc(C)cc1|C1C(*)CCCC1,10.38
CC(NC(=O)c1ccc(NC(=N)c2ccc(NC(=O)c3ccccc3)cc2)cc1)C(=N)N,1,[*]NC(c1ccc(N[*])cc1)=N,*c1ccc(C(NC(C(=N)N)C)=O)cc1|c1cccc(C(=O)*)c1,19.85
COC(=O)NC(=N)c1ccc(COc2cc(N(C)S(=O)(=O)c3c(C)cc(OC)cc3C)ccc2C)cc1,1,N(C(c1ccc(C[*])cc1)=N)[*],Cc1c(O*)cc(N(S(c2c(C)cc(OC)cc2C)(=O)=O)C)cc1|COC(=O)*,27.08
N=C(NC=O)c1ccc(NC=O)cc1,1,[*]NC(c1ccc(N[*])cc1)=N,O=C*|O=C*,6.19
Cc1c(Cl)cccc1[N+](=O)C(N=C1SCC(=O)N(C)C1O)C(OCc1ccc(C(=N)NC(N)=O)cc1)c1ccccc1,1,N(C(c1ccc(C[*])cc1)=N)[*],[N+](C(C(O*)c1ccccc1)N=C1SCC(=O)N(C)C1O)(c1c(C)c(Cl)ccc1)=O|*C(N)=O,61.98
N=C(N)NCCCC(c1ccccc1)c1ccccc1,1,C(NC(=N)N)CCC([*])[*],c1c(*)cccc1|c1cccc(*)c1,7.27
CNC(=O)Nc1ccc(C(=N)NC=O)cc1,1,[*]NC(c1ccc(N[*])cc1)=N,O=C*|*C(=O)NC,11.22
COc1ccc(C2C(N)=NC(N)=NCCCCC2NCc2ccc(C(=N)NS(=O)(=O)O)cc2)c(OC)c1,1,N(C(c1ccc(C[*])cc1)=N)[*],c1c(OC)ccc(C2C(N*)CCCCN=C(N)N=C2N)c1OC|O=S(=O)(*)O,36.88
N=C(N)NCCCC(Cc1ccccc1)Cc1ccc(O)cc1,1,C(NC(=N)N)CCC([*])[*],C(*)c1ccc(O)cc1|c1c(C*)cccc1,12.14
CC(=O)Nc1ccc(C(=N)Nc2ccc(C)cc2)cc1,1,[*]NC(c1ccc(N[*])cc1)=N,Cc1ccc(*)cc1|O=C(C)*,9.62
Cc1cc(C)c(S(=O)(=O)NC(=N)c2ccc(CCCN3C(Cc4cc(Br)cc(C(N)=O)c4)CC(N=[N+]=[N-])CC3C(N)=O)cc2)c(C)c1,1,N(C(c1ccc(C[*])cc1)=N)[*],N1(CC*)C(C(=O)N)CC(N=[N+]=[N-])CC1Cc1cc(Br)cc(C(N)=O)c1|O=S(*)(c1c(C)cc(C)cc1C)=O,45.4
Cc1cc(C)c(O)c(CC(CCCNC(=N)N)C2CCCCC2)c1,1,C(NC(=N)N)CCC([*])[*],*Cc1cc(C)cc(C)c1O|C1CCC(*)CC1,17.68
N=C(NC(=O)C=C(C(=O)O)C(=O)O)c1ccc(Nc2ccc(F)cc2)cc1,1,[*]NC(c1ccc(N[*])cc1)=N,C(=C(C(O)=O)C(=O)O)C(*)=O|c1(F)ccc(*)cc1,27.77
C[N+](C)(N)NC(=N)c1ccc(CC(Cl)Cl)cc1,1,N(C(c1ccc(C[*])cc1)=N)[*],C(Cl)(*)Cl|C[N+](*)(C)N,23.41
CNC(CC=C(C)CCC=C(C)C)CCCNC(=N)N,1,C(NC(=N)N)CCC([*])[*],C(C(=CC*)C)CC=C(C)C|N(*)C,15.59
N=C(NC(=O)CN=C(N)N)c1ccc(NC(=O)c2ccccc2)cc1,1,[*]NC(c1ccc(N[*])cc1)=N,C(=O)(CN=C(N)N)*|*C(c1ccccc1)=O,14.23
N=C(NC(N)=O)c1ccc(CNc2nc(N)nc(NC(CO)Cc3ccccc3)c2C(N)=O)cc1,1,N(C(c1ccc(C[*])cc1)=N)[*],N(c1c(C(=O)N)c(N*)nc(N)n1)C(Cc1ccccc1)CO|C(=O)(*)N,26.38
N=C(N)NCCCC(Cc1ccccc1)c1ccc(C(=O)NCCC(N)=NC(N)N)cc1,1,C(NC(=N)N)CCC([*])[*],c1(*)ccc(C(NCCC(N)=NC(N)N)=O)cc1|c1(C*)ccccc1,21.89
N=C(NC(N)=O)c1ccc(NC=O)cc1,1,[*]NC(c1ccc(N[*])cc1)=N,C(=O)(N)*|O=C*,10.61
CCN(Cc1ccc(C(=N)NC(=O)C=Cc2cccc(OCc3ccccc3)c2)cc1)c1cc(OCCNC(N)=O)c(CC(=O)Nc2ccccc2C)cc1NC(=O)NC(C)C,1,N(C(c1ccc(C[*])cc1)=N)[*],c1cc(NC(=O)Cc2cc(NC(NC(C)C)=O)c(N(CC)*)cc2OCCNC(=O)N)c(C)cc1|C(c1ccccc1)Oc1cccc(C=CC(*)=O)c1,57.54
N=C(NC(=O)c1ccccc1)c1ccc(NC(=O)c2ccccc2)cc1,1,[*]NC(c1ccc(N[*])cc1)=N,C(c1ccccc1)(*)=O|O=C(*)c1ccccc1,11.33
CCS(=O)(=O)NC(=N)c1ccc(CN2CCN(c3cccc(CN(OC(=O)c4c(Cl)cccc4Cl)c4ccccc4OC)c3Br)CC2)cc1,1,N(C(c1ccc(C[*])cc1)=N)[*],C1CN(*)CCN1c1c(Br)c(CN(c2ccccc2OC)OC(=O)c2c(Cl)cccc2Cl)ccc1|O=S(CC)(=O)*,50.24
N=C(N)NCCCC(N)c1ccc(-c2ccccc2)cc1,1,C(NC(=N)N)CCC([*])[*],c1(-c2ccc(*)cc2)ccccc1|*N,11.49
CC(=O)Nc1ccc(C(=N)NC(=O)C(C)C)cc1,1,[*]NC(c1ccc(N[*])cc1)=N,C(C(C)C)(=O)*|C(C)(=O)*,13.56
N=C(NC(N)=O)c1ccc(CNCC(=O)NN=C(N)c2ccc(Oc3ccccc3)cc2N)cc1,1,N(C(c1ccc(C[*])cc1)=N)[*],c1(C(=NNC(CN*)=O)N)ccc(Oc2ccccc2)cc1N|*C(=O)N,23.83
COc1ccc(S(=O)(=O)NC(=O)Cc2cccc(CCNC(=O)CCSC)c2)c(NC(CCCNC(=N)N)NS(C)(=O)=O)c1,1,C(NC(=N)N)CCC([*])[*],C(C(=O)NCCc1cc(CC(=O)NS(=O)(c2c(N*)cc(OC)cc2)=O)ccc1)CSC|S(C)(=O)(=O)N*,46.12
CC(=O)Nc1ccc(C(=N)NC=O)cc1,1,[*]NC(c1ccc(N[*])cc1)=N,O=C*|CC(*)=O,6.49
N=C(NS(=O)(=O)c1ccccc1C(=O)NN)c1ccc(CC(F)(F)F)cc1,1,N(C(c1ccc(C[*])cc1)=N)[*],*C(F)(F)F|*S(=O)(=O)c1c(C(NN)=O)cccc1,23.1
N=C(N)NCCCC(CC(=O)NO)CC(=O)Nc1ccc2ccccc2c1,1,C(NC(=N)N)CCC([*])[*],C(=O)(C*)Nc1cc2ccccc2cc1|C(C(NO)=O)*,23.12
C=CC(=O)NC(=N)c1ccc(NC(=O)CCC(N)=NCCc2ccccc2)cc1,1,[*]NC(c1ccc(N[*])cc1)=N,C(C(*)=O)=C|C(N=C(N)CCC(=O)*)Cc1ccccc1,23.74
CN1CCN(Cc2ccc(C(=N)NC(=O)Nc3ccccc3)cc2)CC1c1cc(NC(=O)c2cc(O)cc(O)c2)ccc1C(=O)O,1,N(C(c1ccc(C[*])cc1)=N)[*],c1c(C2CN(*)CCN2C)c(C(O)=O)ccc1NC(=O)c1cc(O)cc(O)c1|c1ccc(NC(*)=O)cc1,43.61
N=C(N)NCCCC(N)c1ccccc1,1,C(NC(=N)N)CCC([*])[*],c1ccc(*)cc1|*N,6.03
CC(=O)Nc1ccc(C(=N)Nc2ccc(C=CCC=CCOC(=O)N=C(CCCCN=C(N)N=C=N[N+]=[N-])C(N=[N+]=N)=NCCCN=C=N)c(C)c2)cc1,1,[*]NC(c1ccc(N[*])cc1)=N,C(CC(=NC(=O)OCC=CCC=Cc1ccc(*)cc1C)C(=NCCCN=C=N)N=[N+]=N)CCN=C(N)N=C=N[N+]=[N-]|CC(=O)*,53.62
CNC(=O)NC(=N)c1ccc(CCC(N)=NO[N+](=O)[O-])cc1,1,N(C(c1ccc(C[*])cc1)=N)[*],O(N=C(C*)N)[N+]([O-])=O|*C(=O)NC,23.01
CC(=O)Nc1cccc(NC(CCCNC(=N)N)C(C)C)c1,1,C(NC(=N)N)CCC([*])[*],C(C)(C)*|N(*)c1cccc(NC(C)=O)c1,21.74
N=C(N)c1ccc(NC(=N)c2ccc(NC(=O)CC(=O)NN=Cc3ccc(C(=O)NN=C(N)N)cc3)cc2)cc1,1,[*]NC(c1ccc(N[*])cc1)=N,c1cc(C(=N)N)ccc1*|O=C(CC(*)=O)NN=Cc1ccc(C(NN=C(N)N)=O)cc1,22.85
COc1ccc(Oc2ccccc2)c(NC(=O)NC(=N)c2ccc(CN3CCNCC3)cc2)c1,1,N(C(c1ccc(C[*])cc1)=N)[*],N1CCN(*)CC1|c1(NC(*)=O)c(Oc2ccccc2)ccc(OC)c1,24.52
CC(C)C(CCCNC(=N)N)c1ccccc1,1,C(NC(=N)N)CCC([*])[*],CC(C)*|c1ccccc1*,10.83
N=C(Nc1ccccc1)c1ccc(NC=O)cc1,1,[*]NC(c1ccc(N[*])cc1)=N,c1(*)ccccc1|O=C*,8.34
N=C(NC(N)=O)c1ccc(CCCCNC(=O)OCc2ccccc2)cc1,1,N(C(c1ccc(C[*])cc1)=N)[*],C(NC(OCc1ccccc1)=O)CC*|C(*)(=O)N,19.68
CC1(C)CNC(NC(CCCNC(=N)N)Cc2ccc(O)cc2)=N1,1,C(NC(=N)N)CCC([*])[*],C1(C)(C)N=C(N*)NC1|c1(C*)ccc(O)cc1,22.08
CC(=O)Nc1ccc(C(=N)Nc2ccc(C(N)=NN=C=NC(N)=NC(=NC(=O)OCCN=C(N)N)OCc3ccccc3)cc2)cc1,1,[*]NC(c1ccc(N[*])cc1)=N,c1cc(*)ccc1C(N)=NN=C=NC(=NC(OCc1ccccc1)=NC(OCCN=C(N)N)=O)N|O=C(*)C,29.1
COc1cc(CN(C)Cc2cc(CN=S(N)(=O)c3ccccc3)c(N)cc2OC)c(NC(=O)NCCCN(N)C(=O)CNCc2ccc(C(=N)NS(N)(=O)=O)cc2)cc1Br,1,N(C(c1ccc(C[*])cc1)=N)[*],O(c1c(Br)cc(NC(NCCCN(C(CN*)=O)N)=O)c(CN(C)Cc2cc(CN=S(N)(=O)c3ccccc3)c(N)cc2OC)c1)C|O=S(*)(=O)N,58.43
CC(C)CCCNC(=N)N,1,C(NC(=N)N)CCC([*])[*],C*|*C,5.84
N=C(NC=O)c1ccc(NC(=O)CC(C(=O)N=C(N)N)c2ccc(N=C(N)NS(=O)(=O)CCCCN=C(N)N)cc2)cc1,1,[*]NC(c1ccc(N[*])cc1)=N,O=C*|c1cc(C(CC(=O)*)C(=O)N=C(N)N)ccc1N=C(N)NS(=O)(=O)CCCCN=C(N)N,28.84
CC(C)N=C(N)c1cccc(S(=O)(=O)NC(=O)c2cccc(CNC(CCCNC(=N)N)Cc3cccc(O)c3)c2)c1,1,C(NC(=N)N)CCC([*])[*],c1c(CN*)cc(C(NS(=O)(c2cc(C(N)=NC(C)C)ccc2)=O)=O)cc1|c1c(C*)cc(O)cc1,28.03
N=C(NC(N)=O)c1ccc(CN2CCCN(c3c(C(N)=O)cnc(NC4CSCCC4N)c3Cl)CC2)cc1,1,N(C(c1ccc(C[*])cc1)=N)[*],c1(NC2C(N)CCSC2)c(Cl)c(N2CCN(*)CCC2)c(C(=O)N)cn1|O=C(*)N,36.05
CNC(CCCNC(=N)N)c1ccc(C(N)=NC(C)C)cc1,1,C(NC(=N)N)CCC([*])[*],N(*)C|*c1ccc(C(N)=NC(C)C)cc1,13.97
CC(=O)NC(=N)c1ccc(NC(=O)COc2ccc3ccccc3c2)cc1,1,[*]NC(c1ccc(N[*])cc1)=N,CC(=O)*|c1c2ccc(OCC(=O)*)cc2ccc1,17.43
N=C(NS(=O)(=O)c1ccccc1)c1ccc(CNCCCNc2cc(S(N)(=O)=O)ccc2N)cc1,1,N(C(c1ccc(C[*])cc1)=N)[*],c1(N)c(NCCCN*)cc(S(=O)(=O)N)cc1|O=S(c1ccccc1)(*)=O,26.19
N=C(N)NCCCC(CC(O)C(Cc1cccc(O)c1)NCC(N)=O)c1ccccc1,1,C(NC(=N)N)CCC([*])[*],c1c(*)cccc1|c1(CC(C(C*)O)NCC(=O)N)cc(O)ccc1,26.05
N=C(NC(N)=O)c1ccc(NC(=O)C2CCCCN2)cc1,1,[*]NC(c1ccc(N[*])cc1)=N,NC(*)=O|O=C(C1NCCCC1)*,15.72
Cc1cc(C(=O)O)ccc1Oc1ccc(NC(=O)NC(=N)c2ccc(CN)cc2)cc1,1,N(C(c1ccc(C[*])cc1)=N)[*],*N|c1(NC(=O)*)ccc(Oc2ccc(C(=O)O)cc2C)cc1,25.47
CC(=O)Nc1ccc(C(=N)NS(=O)(=O)C=Cc2ccccc2)cc1,1,[*]NC(c1ccc(N[*])cc1)=N,S(*)(=O)(C=Cc1ccccc1)=O|C(C)(*)=O,14.63
N=C(NS(=O)(=O)c1cc(N)c([N+](=O)[O-])cc1[N+](=O)[O-])c1ccc(CNc2ccccc2Br)cc1,1,N(C(c1ccc(C[*])cc1)=N)[*],N(c1ccccc1Br)*|c1(S(=O)(*)=O)c([N+](=O)[O-])cc([N+](=O)[O-])c(N)c1,27.44
N=C(N)NCCCC(N)c1ccc(F)cc1,1,C(NC(=N)N)CCC([*])[*],c1cc(*)ccc1F|N*,10.02
CC(=O)Nc1ccc(C(=N)NC(=O)C=C(C(=O)O)c2ccc(N=C=S)cc2)cc1,1,[*]NC(c1ccc(N[*])cc1)=N,*C(=O)C=C(C(=O)O)c1ccc(N=C=S)cc1|CC(=O)*,20.62
COC(=O)c1ccc(ONC(=N)c2ccc(COc3ccccc3N)cc2)cc1C,1,N(C(c1ccc(C[*])cc1)=N)[*],c1ccc(N)c(O*)c1|*Oc1cc(C)c(C(=O)OC)cc1,30.53
COc1ccc(C(CCCNC(=N)N)Cc2ccc(Cl)c(Cl)c2)cc1C(CC(C)C)NC(=O)C1NCC1N,1,C(NC(=N)N)CCC([*])[*],C(CC(C)C)(c1c(OC)ccc(*)c1)NC(C1NCC1N)=O|c1(C*)ccc(Cl)c(Cl)c1,34.09
N=C(NC(=O)CCCCN=C(N)N)c1ccc(Nc2ccc(C(=O)N[SH](=N)=NC(=O)c3ccc(N)cc3)cc2)cc1,1,[*]NC(c1ccc(N[*])cc1)=N,C(N=C(N)N)CCCC(=O)*|c1cc(*)ccc1C(NS(=NC(c1ccc(N)cc1)=O)=N)=O,30.97
CC(C)(C)NCc1ccc(C(=N)NC(=O)NC(N)=N[N+](=O)[O-])cc1,1,N(C(c1ccc(C[*])cc1)=N)[*],CC(C)(N*)C|O=C(NC(=N[N+](=O)[O-])N)*,22.98
N=C(N)NCCCC(Cc1ccc(O)cc1)c1ccc(O)cc1,1,C(NC(=N)N)CCC([*])[*],*c1ccc(O)cc1|c1(C*)ccc(O)cc1,10.74
N=C(N)NCC=CC(=O)NC(=N)c1ccc(NCCO)cc1,1,[*]NC(c1ccc(N[*])cc1)=N,N=C(N)NCC=CC(=O)*|C(O)C*,22.24
COC(=O)NC(=N)c1ccc(CNc2cc(C(N)=O)c(OC3CCN(C(C)=N)CC3)cc2C(=O)Oc2cc(C(=O)O)ccc2OC(=O)CCl)cc1,1,N(C(c1ccc(C[*])cc1)=N)[*],c1c(N*)c(C(Oc2c(OC(CCl)=O)ccc(C(=O)O)c2)=O)cc(OC2CCN(C(=N)C)CC2)c1C(N)=O|*C(=O)OC,50.1
CC(C)C(CCCNC(=N)N)C1CCC1,1,C(NC(=N)N)CCC([*])[*],C(*)(C)C|C1(*)CCC1,16.02
CC(=O)Nc1ccc(C(=N)NC(=O)C=CC(=O)O)cc1,1,[*]NC(c1ccc(N[*])cc1)=N,O=C(C=CC(=O)*)O|O=C(*)C,10.18
CCOc1c(Br)cc(OCc2ccc(C(=N)NC(N)=O)cc2)cc1C(C)=NNC(=O)c1cc(OC)c(OC)cc1N,1,N(C(c1ccc(C[*])cc1)=N)[*],c1(C(NN=C(C)c2cc(O*)cc(Br)c2OCC)=O)c(N)cc(OC)c(OC)c1|C(N)(=O)*,38.26
CC(=O)Nc1ccc(C(=N)NC(=O)CN=C(N)C2CCCCC2)cc1,1,[*]NC(c1ccc(N[*])cc1)=N,NC(C1CCCCC1)=NCC(=O)*|C(C)(=O)*,18.57
CCc1ccc(C(=N)NC(=O)Nc2ccccc2OC)cc1,1,N(C(c1ccc(C[*])cc1)=N)[*],*C|O(c1ccccc1NC(=O)*)C,17.55
N=C(N)NCCCC(N)Cc1ccc(Cl)c(Cl)c1,1,C(NC(=N)N)CCC([*])[*],*N|c1c(C*)cc(Cl)c(Cl)c1,9.5
CCC=CC=CC=CC=CN=C1C=CC(=CC=NN=C(CCCCN=C(N)N)NC(=N)c2ccc(NC=O)cc2)C=C1,1,[*]NC(c1ccc(N[*])cc1)=N,NC(=NCCCCC(*)=NN=CC=C1C=CC(=NC=CC=CC=CC=CCC)C=C1)N|O=C*,34.22
Cc1ccc(C(=O)Oc2c(OCc3ccc(C(=N)NC(N)=O)cc3)ccc(OCCN)c2C(=O)NN)c(N)c1,1,N(C(c1ccc(C[*])cc1)=N)[*],C(COc1c(C(=O)NN)c(OC(c2c(N)cc(C)cc2)=O)c(O*)cc1)N|C(=O)(*)N,35.52
Cc1cc(O)cc(C)c1CC(=O)NCCC(CCCNC(=N)N)c1ccccc1,1,C(NC(=N)N)CCC([*])[*],C(C(=O)NCC*)c1c(C)cc(O)cc1C|c1ccc(*)cc1,17.06
C=CCOC(=O)C=Cc1ccc(NC(=N)c2ccc(NC(C)=O)cc2)cc1,1,[*]NC(c1ccc(N[*])cc1)=N,c1c(*)ccc(C=CC(OCC=C)=O)c1|C(*)(=O)C,14.91
Cc1c(Cl)cccc1N=Nc1ccc(OCc2ccc(C(=N)NC(=O)OCc3ccccc3)cc2)c(C)c1C(=O)ONC(=O)c1ccc(NC(N)=S)c(N)c1,1,N(C(c1ccc(C[*])cc1)=N)[*],Cc1c(O*)ccc(N=Nc2c(C)c(Cl)ccc2)c1C(ONC(c1cc(N)c(NC(N)=S)cc1)=O)=O|O=C(*)OCc1ccccc1,49.79
Cc1ccc(C(CCCNC(=N)N)Cc2ccccc2)cc1,1,C(NC(=N)N)CCC([*])[*],c1c(C*)cccc1|Cc1ccc(*)cc1,11.27
N=C(Nc1ccccc1)c1ccc(NC(=O)c2ccccc2)cc1,1,[*]NC(c1ccc(N[*])cc1)=N,c1c(*)cccc1|c1ccc(C(=O)*)cc1,10.46
Cc1ccccc1C(=O)Nn1c(N)c(S(=O)(=O)NC(=N)c2ccc(CN)cc2)c(=O)n(C)c1=O,1,N(C(c1ccc(C[*])cc1)=N)[*],*N|Cn1c(=O)c(S(*)(=O)=O)c(N)n(NC(c2ccccc2C)=O)c1=O,29.69
Cc1cc(C(CCCNC(=N)N)NS(C)(=O)=O)cc(S(N)(=O)=O)c1O,1,C(NC(=N)N)CCC([*])[*],N(*)S(C)(=O)=O|c1c(*)cc(C)c(O)c1S(=O)(N)=O,24.46
N=C(N)NCCCC(Cc1ccc(O)c(CN=C(N)N)c1)c1ccccc1,1,C(NC(=N)N)CCC([*])[*],c1c(*)cccc1|*Cc1ccc(O)c(CN=C(N)N)c1,16.23
CC(=O)Nc1ccc(C(=N)Nc2ccc(C(N)=NC=NCCN=C(N)N)cc2)cc1,1,[*]NC(c1ccc(N[*])cc1)=N,C(N=C(c1ccc(*)cc1)N)=NCCN=C(N)N|CC(=O)*,17.72
CCc1c(C=O)c(OC)cc(CNCc2ccc(C(=N)NC(=O)c3cccc(N(C)C)c3)cc2)c1OC,1,N(C(c1ccc(C[*])cc1)=N)[*],C(c1c(CC)c(OC)c(CN*)cc1OC)=O|N(C)(C)c1cccc(C(=O)*)c1,33.81
CC(=O)Nc1ccc(C(=N)NC(=O)OC2C=CC(C(=N)N)=CC2)cc1,1,[*]NC(c1ccc(N[*])cc1)=N,O(C1CC=C(C(=N)N)C=C1)C(*)=O|O=C(C)*,21.27
N=C(NS(=O)(=O)c1cccc(NC(=O)OCCN=C(N)N)c1)c1ccc(Cc2ccccc2CNCc2cccc3ccccc23)cc1,1,N(C(c1ccc(C[*])cc1)=N)[*],c1cccc(*)c1CNCc1cccc2ccccc12|c1(S(*)(=O)=O)cccc(NC(=O)OCCN=C(N)N)c1,34.66
CC(C)Cc1ccc(-c2cc(C(CCCNC(=N)N)NCC(N)=NO)ccc2CC(C)C)cc1,1,C(NC(=N)N)CCC([*])[*],c1(*)ccc(CC(C)C)c(-c2ccc(CC(C)C)cc2)c1|N(=C(N)CN*)O,39.98
CC(=O)Nc1ccc(C(=N)NC(=O)C(N)Cc2ccc(N)cc2)cc1,1,[*]NC(c1ccc(N[*])cc1)=N,c1cc(CC(N)C(=O)*)ccc1N|CC(*)=O,15.32
CCSN(N)CCCCNc1c(NCCCCc2ccc(C(=N)NC(N)=O)cc2)nc(OC)nc1NCc1ccccc1,1,N(C(c1ccc(C[*])cc1)=N)[*],*CCCNc1c(NCCCCN(SCC)N)c(NCc2ccccc2)nc(OC)n1|C(=O)(*)N,43.1
COC(=O)c1cccc(S(=O)(=O)NC(=N)c2ccc(CCC(=O)Oc3ccc(F)cc3CN3CCN(C(=O)OC(C)(C)C)CC3)cc2)c1,1,N(C(c1ccc(C[*])cc1)=N)[*],C1N(Cc2cc(F)ccc2OC(=O)C*)CCN(C(OC(C)(C)C)=O)C1|c1(S(=O)(=O)*)cccc(C(OC)=O)c1,38.22
CNC(C)CCCNC(=N)N,1,C(NC(=N)N)CCC([*])[*],C*|N(*)C,7.3
CCC(=O)Nc1ccc(C(=N)Nc2ccc(C(=O)NS(C=Cc3cccc(N)c3)=NCc3ccccc3)cc2)cc1,1,[*]NC(c1ccc(N[*])cc1)=N,*c1ccc(C(NS(C=Cc2cccc(N)c2)=NCc2ccccc2)=O)cc1|CCC(*)=O,33.62
COc1ccc(N)cc1S(=O)(=O)NC(=N)c1ccc(CN2CCN(c3ccc4ccccc4c3)CC2)cc1,1,N(C(c1ccc(C[*])cc1)=N)[*],C1N(c2cc3c(cccc3)cc2)CCN(*)C1|c1c(S(=O)(*)=O)c(OC)ccc1N,25.02
N#Cc1ccc(CC(CCCNC(=N)N)Cc2cccc(C(=O)NCCN=C(N)N)c2)c(Cl)c1,1,C(NC(=N)N)CCC([*])[*],c1(C*)cc(C(NCCN=C(N)N)=O)ccc1|Clc1c(C*)ccc(C#N)c1,32.66
N=C(Nc1ccc(C(N)=NC=CC(N)=NC(=S)CCl)cc1)c1ccc(NC(=O)CCc2ccccc2)cc1,1,[*]NC(c1ccc(N[*])cc1)=N,*c1ccc(C(N)=NC=CC(=NC(CCl)=S)N)cc1|c1ccccc1CCC(=O)*,29.08
N=C(NN)c1ccc(CN2CCN(CCO)CC(Cc3ccccc3)C2)cc1,1,N(C(c1ccc(C[*])cc1)=N)[*],C1(Cc2ccccc2)CN(CCO)CCN(*)C1|*N,26.75
N=C(N)NCCCC(N)c1ccc(Cl)cc1,1,C(NC(=N)N)CCC([*])[*],c1cc(Cl)ccc1*|N*,9.01
C=CCNC(=NCCNC(=N)c1ccc(NC(=O)CCl)cc1)c1ccccc1,1,[*]NC(c1ccc(N[*])cc1)=N,C(c1ccccc1)(=NCC*)NCC=C|*C(CCl)=O,19.77
Cc1cccc(OCc2ccc(C(=N)NC(=O)N=C(N)N)cc2)c1C,1,N(C(c1ccc(C[*])cc1)=N)[*],*Oc1c(C)c(C)ccc1|C(N)(=NC(*)=O)N,20.55
N=C(N)NCCCC(N)CC(N)=O,1,C(NC(=N)N)CCC([*])[*],*N|C(=O)(C*)N,9.52
CC(C)c1ccc(C(=O)Nc2ccc(C(=N)Nc3ccc(Cl)cc3)cc2)cc1,1,[*]NC(c1ccc(N[*])cc1)=N,c1c(*)ccc(Cl)c1|CC(c1ccc(C(*)=O)cc1)C,21.8
N=C(NS(=O)(=O)c1ccccc1)c1ccc(CN2CCC(Oc3nc(N)nc(N)c3C(N)=O)CC2)cc1,1,N(C(c1ccc(C[*])cc1)=N)[*],c1(OC2CCN(*)CC2)c(C(N)=O)c(N)nc(N)n1|c1c(S(*)(=O)=O)cccc1,21.66
CC(=O)Nc1ccc(C(=N)Nc2ccc(N)cc2)cc1,1,[*]NC(c1ccc(N[*])cc1)=N,c1c(N)ccc(*)c1|O=C(C)*,10.86
CNC(=O)NC(=N)c1ccc(COc2cc(N)c(NS(=O)(=O)O)cc2C(=O)Nc2cc(Cl)cc(Cl)c2C(=O)OCc2ccccc2)cc1,1,N(C(c1ccc(C[*])cc1)=N)[*],S(Nc1c(N)cc(O*)c(C(=O)Nc2c(C(OCc3ccccc3)=O)c(Cl)cc(Cl)c2)c1)(O)(=O)=O|O=C(NC)*,43.5
CC(C)Cc1cc(C(N)CCCNC(=N)N)ccc1O,1,C(NC(=N)N)CCC([*])[*],*c1cc(CC(C)C)c(O)cc1|*N,10.8
N=C=NCC=CC(=O)Nc1ccc(C(=N)Nc2ccccc2C(N)=O)cc1,1,[*]NC(c1ccc(N[*])cc1)=N,O=C(c1c(*)cccc1)N|C(*)(C=CCN=C=N)=O,22.74
CCCc1cc(O)c(CN=C(N)N)c(C(=O)O)c1NC(=O)Nc1ccc(Cc2ccc(C(=N)NC(=O)c3cccc(OCCNC)c3)cc2)cc1,1,N(C(c1ccc(C[*])cc1)=N)[*],c1(C(=O)O)c(NC(=O)Nc2ccc(*)cc2)c(CCC)cc(O)c1CN=C(N)N|N(C)CCOc1cccc(C(*)=O)c1,47.89
CNC(CCCNC(=N)N)C(C)C,1,C(NC(=N)N)CCC([*])[*],*C(C)C|CN*,10.05
CC1=C(C(=O)Nc2ccc(C(=N)Nc3cccnc3)cc2)C=C(C(N)=NC(N)=NC2CCCCCC2)C=CN1C(=N)N,1,[*]NC(c1ccc(N[*])cc1)=N,n1cc(*)ccc1|C1=CN(C(=N)N)C(C)=C(C(=O)*)C=C1C(N)=NC(=NC1CCCCCC1)N,54.86
N=C(NS(=O)(=O)O)c1ccc(COc2ccc(NS(=O)(=O)CCCN=C(N)N)c(N)c2)cc1,1,N(C(c1ccc(C[*])cc1)=N)[*],c1(O*)ccc(NS(=O)(CCCN=C(N)N)=O)c(N)c1|O=S(=O)(*)O,26.58
CSC(N)=Nc1ccc(C(CCCNC(=N)N)C2CCCCC2)cc1C,1,C(NC(=N)N)CCC([*])[*],c1(*)cc(C)c(N=C(SC)N)cc1|C1C(*)CCCC1,22.94
CC(=O)Nc1ccc(C(=N)Nc2ccc(N=Nc3ccc(N)cc3)cc2)cc1,1,[*]NC(c1ccc(N[*])cc1)=N,c1c(*)ccc(N=Nc2ccc(N)cc2)c1|C(C)(=O)*,15.48
Cc1cc(C(=O)O)cc(C)c1NC(=O)NC(=N)c1ccc(COc2c(F)c(F)c(F)c(Oc3ccc(N)cc3)c2F)cc1,1,N(C(c1ccc(C[*])cc1)=N)[*],c1cc(N)ccc1Oc1c(F)c(O*)c(F)c(F)c1F|c1(NC(*)=O)c(C)cc(C(O)=O)cc1C,44.46
N=C(N)NCCCC(c1ccc(NC(=O)Cc2ccccc2)cc1)C1CCCCCC1,1,C(NC(=N)N)CCC([*])[*],c1(*)ccc(NC(=O)Cc2ccccc2)cc1|C1C(*)CCCCC1,22.54
CNc1cc(C=NNC(=S)NCc2ccc(C(=N)NS(=O)(=O)c3ccc(OS(=O)(=O)OC4C=Cc5cccc(OC(=O)NS(=O)(=O)O)c5C4)cc3C)cc2)ccc1C(N)=O,1,N(C(c1ccc(C[*])cc1)=N)[*],*NC(NN=Cc1cc(NC)c(C(=O)N)cc1)=S|O=S(=O)(Oc1ccc(S(*)(=O)=O)c(C)c1)OC1C=Cc2cccc(OC(=O)NS(=O)(=O)O)c2C1,65.84
COc1ccc(CC(CCCNC(=N)N)Cc2ccccc2)cc1,1,C(NC(=N)N)CCC([*])[*],c1(C*)ccccc1|*Cc1ccc(OC)cc1,13.46
CCCCOC(=O)N=C(N)c1ccc(NC(=N)c2ccc(NC(=O)CN3CCC(c4ccccc4)CC3)cc2)cc1,1,[*]NC(c1ccc(N[*])cc1)=N,c1cc(C(=NC(OCCCC)=O)N)ccc1*|C1CN(CC(=O)*)CCC1c1ccccc1,27.77
COc1c(C)c(N2CCN(C)CC2)c(C)c(C)c1OCc1ccc(C(=N)NS(=O)(=O)c2ccccc2)cc1,1,N(C(c1ccc(C[*])cc1)=N)[*],c1(C)c(C)c(O*)c(OC)c(C)c1N1CCN(C)CC1|O=S(=O)(*)c1ccccc1,29.35
N=C(N)NCCCC(N)Cc1ccc(O)cc1,1,C(NC(=N)N)CCC([*])[*],c1(C*)ccc(O)cc1|N*,7.08
N=C(NC1CCN(C(=O)Cc2ccc(N=C(N)N)cc2)CC1)c1ccc(NC(=O)C(CCC(N)=O)NC=O)cc1,1,[*]NC(c1ccc(N[*])cc1)=N,c1cc(CC(=O)N2CCC(*)CC2)ccc1N=C(N)N|C(NC(CCC(=O)N)C(=O)*)=O,35.14
N=C(NS(=O)(=O)Nc1cccc(CCl)c1N=CNc1cc(Cl)ccc1Cl)c1ccc(CN2CCN(Cc3ccccc3CNC(=O)Cc3cccc(Br)c3)CC2)cc1,1,N(C(c1ccc(C[*])cc1)=N)[*],C1N(*)CCN(Cc2ccccc2CNC(=O)Cc2cccc(Br)c2)C1|c1cc(NS(=O)(*)=O)c(N=CNc2cc(Cl)ccc2Cl)c(CCl)c1,54.77
CNC(CCCNC(=N)N)c1ccccc1,1,C(NC(=N)N)CCC([*])[*],N(*)C|c1ccccc1*,9.83
N=C(N)NC(N=C(N)N)=NC(N)=NC(N)=NCCNC(=N)c1ccc(NC=O)cc1,1,[*]NC(c1ccc(N[*])cc1)=N,C(NC(=NC(=NC(=NCC*)N)N)N=C(N)N)(=N)N|O=C*,25.06
CC(C)(C)OC(=O)N(C(=O)Nc1ccc(Br)cc1F)c1ccnc(N)c1OCc1ccc(C(=N)NC(=O)c2ccccc2)cc1,1,N(C(c1ccc(C[*])cc1)=N)[*],c1(N)c(O*)c(N(C(=O)OC(C)(C)C)C(=O)Nc2c(F)cc(Br)cc2)ccn1|c1cc(C(*)=O)ccc1,40.53
N=C(NC=O)c1ccc(Nc2ccc3ccccc3c2)cc1,1,[*]NC(c1ccc(N[*])cc1)=N,O=C*|c1ccc2cc(*)ccc2c1,12.89
N=C(NC(=O)Oc1ccccc1)c1ccc(CN2CCN(Cc3ccc(N(O)c4ccccc4)cc(O)c3=O)CC2)cc1,1,N(C(c1ccc(C[*])cc1)=N)[*],C1CN(*)CCN1Cc1c(=O)c(O)cc(N(c2ccccc2)O)cc1|c1cccc(OC(=O)*)c1,29.76
COc1cc(CC(CCN)CCCNC(=N)N)cc(OC)c1,1,C(NC(=N)N)CCC([*])[*],*CCN|c1(C*)cc(OC)cc(OC)c1,15.89
N=C(NC=O)c1ccc(NC(=O)NCCCN=C=S)cc1,1,[*]NC(c1ccc(N[*])cc1)=N,O=C*|O=C(*)NCCCN=C=S,11.93
COc1ccc(Nc2nc(NCc3ccc(C(=N)NC(N)=O)cc3)nnc2C(N)=O)cc1,1,N(C(c1ccc(C[*])cc1)=N)[*],n1c(N*)nc(Nc2ccc(OC)cc2)c(C(N)=O)n1|O=C(N)*,23.27
CC(C)(C)CCNC(N)CCCNC(=N)N,1,C(NC(=N)N)CCC([*])[*],CC(C)(CCN*)C|N*,16.18
CC1CCCC(C)N1CCC(=O)Nc1ccc(C(=N)Nc2ccccc2)cc1,1,[*]NC(c1ccc(N[*])cc1)=N,c1c(*)cccc1|C(CC(*)=O)N1C(C)CCCC1C,19.12
Cc1c(O)c(C)c2c(C)c(CN3CCN(Cc4ccc(C(=N)NS(=O)(=O)O)cc4)CC3)ccc2c1C,1,N(C(c1ccc(C[*])cc1)=N)[*],*N1CCN(Cc2c(C)c3c(c(C)c(C)c(O)c3C)cc2)CC1|O=S(*)(=O)O,26.05
N=C(N)NCCCC(Cc1ccccc1)c1cccc(O)c1,1,C(NC(=N)N)CCC([*])[*],c1ccc(*)cc1O|c1cc(C*)ccc1,13.96
N=C(NC(=O)CCc1ccccc1)c1ccc(Nc2ccc(C(N)=NCC(=O)O)cc2)cc1,1,[*]NC(c1ccc(N[*])cc1)=N,c1c(CCC(*)=O)cccc1|N(=C(c1ccc(*)cc1)N)CC(O)=O,23.83
Cc1ccccc1S(=O)(=O)Nc1ccccc1N1CCN(Cc2ccc(C(=N)NS(=O)(=O)c3ccccc3)cc2)CC1,1,N(C(c1ccc(C[*])cc1)=N)[*],*N1CCN(c2c(NS(c3c(C)cccc3)(=O)=O)cccc2)CC1|c1cccc(S(*)(=O)=O)c1,26.63
N=C(N)Cc1ccc(C(CCCNC(=N)N)Cc2ccccc2)cc1O,1,C(NC(=N)N)CCC([*])[*],c1ccc(C*)cc1|Oc1cc(*)ccc1CC(=N)N,20.01
N=C(NC=O)c1ccc(NC(=O)Cc2ccccc2)cc1,1,[*]NC(c1ccc(N[*])cc1)=N,O=C*|O=C(Cc1ccccc1)*,9.06
Cc1ccccc1CN(Cc1ccc(C(=N)NS(=O)(=O)O)cc1)c1nc(NCCc2ccccc2N)nc(N)c1NCC(=O)NN,1,N(C(c1ccc(C[*])cc1)=N)[*],O=C(NN)CNc1c(N(Cc2c(C)cccc2)*)nc(NCCc2ccccc2N)nc1N|O=S(*)(=O)O,40.08
Cc1cc(O)cc(C(CCCNC(=N)N)Cc2ccc3cc(O)c(O)cc3c2)c1,1,C(NC(=N)N)CCC([*])[*],c1(*)cc(C)cc(O)c1|c1(C*)cc2cc(O)c(O)cc2cc1,22.02
N=C(N)c1ccc(C(=O)NC(=N)c2ccc(NC(=O)Cc3ccccc3)cc2)cc1,1,[*]NC(c1ccc(N[*])cc1)=N,*C(=O)c1ccc(C(=N)N)cc1|C(*)(Cc1ccccc1)=O,16.98
CCNC(=NS(=O)(=O)N(Cc1ccccc1)C1CCNc2ccccc21)N1Cc2ccccc2N(Cc2ccc(C(=N)NC(N)=O)cc2)CC1CC,1,N(C(c1ccc(C[*])cc1)=N)[*],C(C1CN(*)c2c(cccc2)CN1C(NCC)=NS(=O)(=O)N(Cc1ccccc1)C1c2ccccc2NCC1)C|C(*)(=O)N,59.82
CCC(C)CCCNC(=N)N,1,C(NC(=N)N)CCC([*])[*],C(*)C|C*,8.42
N=C(NC(=O)c1ccccc1)c1ccc(NS(=O)(=O)c2ccccc2)cc1,1,[*]NC(c1ccc(N[*])cc1)=N,c1c(C(*)=O)cccc1|O=S(=O)(c1ccccc1)*,17.51
CNc1c(Cl)cccc1C(=O)Nc1cccc(NC(=O)NC(=N)c2ccc(CN(NC(=O)c3cc(Br)cc4ccccc34)c3ccc(OC)cc3N)cc2)c1,1,N(C(c1ccc(C[*])cc1)=N)[*],c1c(OC)ccc(N(NC(c2c3c(cccc3)cc(Br)c2)=O)*)c1N|c1cc(NC(=O)*)cc(NC(=O)c2c(NC)c(Cl)ccc2)c1,56.26
N=C(N)NCCCC(c1ccccc1)c1ccc2nc(NCCCc3ccccc3)[nH]c2c1,1,C(NC(=N)N)CCC([*])[*],c1cc(*)cc2[nH]c(NCCCc3ccccc3)nc12|c1ccc(*)cc1,29.55
COc1ccc2nc(CNCc3ccc(C(=N)NS(=O)(=O)c4c(C)cc(C)cc4C)cc3)c(C(=O)NCCCCN=C(N)NCc3ccc(N(CCCl)CCCl)cc3)c(N)c2c1,1,N(C(c1ccc(C[*])cc1)=N)[*],C(CCCNC(=O)c1c(N)c2c(ccc(OC)c2)nc1CN*)N=C(N)NCc1ccc(N(CCCl)CCCl)cc1|*S(c1c(C)cc(C)cc1C)(=O)=O,48.74
COc1ccc(Cc2ccccc2)cc1C(CCCNC(=N)N)C1CCCCC1,1,C(NC(=N)N)CCC([*])[*],C(c1cc(*)c(OC)cc1)c1ccccc1|C1(*)CCCCC1,19.79
CC(=O)Nc1ccc(C(=N)NC(=O)C(C)(C)C)cc1,1,[*]NC(c1ccc(N[*])cc1)=N,CC(C)(C)C(=O)*|O=C(C)*,11.53
N=C(NS(=O)(=O)c1cccc2cccnc12)c1ccc(CN2CCCN(Cc3ccccc3)CC2)cc1,1,N(C(c1ccc(C[*])cc1)=N)[*],C1CN(Cc2ccccc2)CCN(*)C1|c1c(S(*)(=O)=O)c2c(cccn2)cc1,26.9
N=C(N)NCCCC(N)Cc1ccccc1,1,C(NC(=N)N)CCC([*])[*],*N|c1(C*)ccccc1,6.74
CC[n+]1cccc(C(=O)Nc2cccc3c(OCc4ccc(C(=N)NS(=O)(=O)O)cc4)cc(NC(=O)NNCc4ccccc4)cc23)c1,1,N(C(c1ccc(C[*])cc1)=N)[*],c1(NC(c2c[n+](CC)ccc2)=O)cccc2c(O*)cc(NC(=O)NNCc3ccccc3)cc12|O=S(*)(=O)O,46.95
CS(=O)(=O)NC(CCC(N)CCCNC(=N)N)Cc1ccc2ccccc2c1,1,C(NC(=N)N)CCC([*])[*],*N|C(CC(NS(=O)(C)=O)Cc1cc2ccccc2cc1)*,21.13
N=C(NC(N)=O)c1ccc(Cc2ccccc2F)cc1,1,N(C(c1ccc(C[*])cc1)=N)[*],Fc1c(*)cccc1|*C(N)=O,19.23
CNC(CCCNC(=N)N)C1CC1C(N)=O,1,C(NC(=N)N)CCC([*])[*],C(=O)(C1CC1*)N|N(*)C,19.67
N=C(Nc1ccc(C=CCN=C(N)N)cc1)c1ccc(NC=O)cc1,1,[*]NC(c1ccc(N[*])cc1)=N,C(C=Cc1ccc(*)cc1)N=C(N)N|O=C*,14.2
N=C(NC(=O)OCc1ccccc1)c1ccc(CN2CCCCCCC2)cc1,1,N(C(c1ccc(C[*])cc1)=N)[*],C1CN(*)CCCCC1|c1ccc(COC(=O)*)cc1,17.65
COC(=O)NC(=N)c1ccc(NC(=O)NC(CBr)=NNc2ccccc2)cc1,1,[*]NC(c1ccc(N[*])cc1)=N,*C(=O)OC|*C(=O)NC(CBr)=NNc1ccccc1,26.05
Cc1ccccc1S(=O)(=O)NC(=N)c1ccc(CN(C)c2ccccc2)cc1,1,N(C(c1ccc(C[*])cc1)=N)[*],c1ccccc1N(C)*|O=S(=O)(*)c1c(C)cccc1,17.82
CS(=O)(=O)Oc1cccc(CC(CCCNC(=N)N)c2cccc(Cl)c2)c1,1,C(NC(=N)N)CCC([*])[*],c1(C*)cc(OS(=O)(=O)C)ccc1|Clc1cc(*)ccc1,19.26
CC(=O)Nc1ccc(C(=N)NC(=O)C=CCC(N)=NC=NN2CCCCC2)cc1,1,[*]NC(c1ccc(N[*])cc1)=N,*C(=O)C=CCC(=NC=NN1CCCCC1)N|CC(=O)*,23.62
CNc1cccc(S(=O)(=O)Nc2cccc(NC(=N)c3ccc(CN)cc3)c2)[n+]1C,1,N(C(c1ccc(C[*])cc1)=N)[*],*N|*c1cccc(NS(=O)(=O)c2[n+](C)c(NC)ccc2)c1,24.83
CC1CCC(C(N)CCCNC(=N)N)C(OCc2ccc(C(N)=NC(C)C)cc2)C1,1,C(NC(=N)N)CCC([*])[*],C1(*)CCC(C)CC1OCc1ccc(C(N)=NC(C)C)cc1|*N,17.52
N=C(NC(=O)C=CBr)c1ccc(NC(=O)CCCl)cc1,1,[*]NC(c1ccc(N[*])cc1)=N,BrC=CC(=O)*|O=C(CCCl)*,18.13
COc1cccc(OCc2ccc(C(=N)NS(N)(=O)=O)cc2)c1C(=O)O,1,N(C(c1ccc(C[*])cc1)=N)[*],c1(O*)c(C(=O)O)c(OC)ccc1|O=S(=O)(*)N,19.49
CC(=CCCC=CCC=CCC=CCC=CCC=CCC=CCCCCC(=O)NC(=CCCCCN=CN=C=N)C(=O)O)C(=O)NC(=N)c1ccc(NC=O)cc1,1,[*]NC(c1ccc(N[*])cc1)=N,CC(C(=O)*)=CCCC=CCC=CCC=CCC=CCC=CCC=CCCCCC(=O)NC(C(=O)O)=CCCCCN=CN=C=N|O=C*,48.6
COC(=O)c1cc(NS(N)(=O)=O)cc(OC(=O)NC(=N)c2ccc(CNc3c(C)cccc3Cl)cc2)c1,1,N(C(c1ccc(C[*])cc1)=N)[*],c1(Cl)c(N*)c(C)ccc1|c1c(OC(*)=O)cc(C(OC)=O)cc1NS(=O)(=O)N,32.6
CCNC(=N)c1ccc(NC(=O)Nc2ccc(S(=O)(=O)Cl)cc2)cc1,1,[*]NC(c1ccc(N[*])cc1)=N,C(C)*|c1(S(Cl)(=O)=O)ccc(NC(*)=O)cc1,27.04
CCN(CC)CCNC(=O)c1c(C)c(OC(=O)Nc2cc(C)cc(Cl)c2NS(=O)(=O)O)cc(Cl)c1S(=O)(=O)NC(=N)c1ccc(CN)cc1,1,N(C(c1ccc(C[*])cc1)=N)[*],*N|c1(S(=O)(=O)*)c(C(NCCN(CC)CC)=O)c(C)c(OC(=O)Nc2c(NS(=O)(O)=O)c(Cl)cc(C)c2)cc1Cl,50.69
N=C(N)NCCCC(c1ccc(C(=N)N)cc1)C1CCCCC1,1,C(NC(=N)N)CCC([*])[*],c1cc(*)ccc1C(N)=N|C1C(*)CCCC1,14.17
N=C(Nc1ccc2c(c1)OCCO2)c1ccc(NC(=O)c2ccccc2)cc1,1,[*]NC(c1ccc(N[*])cc1)=N,c1cc2c(cc1*)OCCO2|*C(c1ccccc1)=O,19.42
N=C(NC(=O)Oc1ccccc1)c1ccc(Cc2c(Oc3ccc(-c4nc(N)nc(N)n4)cc3)cccc2C(=N)N)cc1,1,N(C(c1ccc(C[*])cc1)=N)[*],c1(Oc2cccc(C(N)=N)c2*)ccc(-c2nc(N)nc(N)n2)cc1|c1(OC(=O)*)ccccc1,36.44
Cc1cc(CC(CCCNC(=N)N)c2ccccc2)ccc1NS(C)(=O)=O,1,C(NC(=N)N)CCC([*])[*],*c1ccccc1|*Cc1ccc(NS(C)(=O)=O)c(C)c1,16.84
N=C(NC1=NC(=O)NCCC1)c1ccc(NC(=O)c2ccccc2)cc1,1,[*]NC(c1ccc(N[*])cc1)=N,C1(=O)N=C(*)CCCN1|c1ccccc1C(=O)*,17.08
COc1c(C)c(C)c(CCNC(=O)NC(CCc2ccc(C(=N)NC(=O)c3ccc(N=Nc4cccc(N)[n+]4C)c(C)c3)cc2)Cc2cccc(Cl)c2Cl)c(C)c1S(N)(=O)=O,1,N(C(c1ccc(C[*])cc1)=N)[*],*CC(NC(NCCc1c(C)c(C)c(OC)c(S(=O)(N)=O)c1C)=O)Cc1cccc(Cl)c1Cl|c1(C)cc(C(=O)*)ccc1N=Nc1cccc(N)[n+]1C,68.85
N=C(N)NCCCC(Cc1ccccc1)c1ccc2ccccc2c1,1,C(NC(=N)N)CCC([*])[*],C(c1ccccc1)*|c1c(*)ccc2ccccc12,15.49
N=C(NC(=O)Cc1cccc(COc2ccc(OCCCN)cc2)c1)c1ccc(NC(=O)Cc2ccccc2)cc1,1,[*]NC(c1ccc(N[*])cc1)=N,c1c(OCCCN)ccc(OCc2cccc(CC(=O)*)c2)c1|c1cccc(CC(*)=O)c1,30.59
N=C(NS(=O)(=O)c1ccc(N)cc1)c1ccc(CNc2ccc3c(c2)CCN3C(=O)COc2ccccc2)cc1,1,N(C(c1ccc(C[*])cc1)=N)[*],O=C(COc1ccccc1)N1CCc2cc(N*)ccc21|c1c(S(=O)(*)=O)ccc(N)c1,35.24
CNc1ccc(C(=N)NC=O)cc1,1,[*]NC(c1ccc(N[*])cc1)=N,C(*)=O|C*,10.37
CNCCOC(=O)NC(=N)c1ccc(CN(C)C2CC(N=C(N)N)C(N=C(Nc3cc(Br)cc(NN=Cc4ccccc4N)c3)N[N+](=O)[O-])C2)cc1,1,N(C(c1ccc(C[*])cc1)=N)[*],C1(N=C(N)N)CC(N(*)C)CC1N=C(N[N+](=O)[O-])Nc1cc(Br)cc(NN=Cc2c(N)cccc2)c1|N(C)CCOC(=O)*,51.23
N=C(N)NCCCC(N)CC1CSC(=O)N1,1,C(NC(=N)N)CCC([*])[*],*N|C1(=O)NC(C*)CS1,13.65
C=CCNS(=O)(=NC)c1ccc(NC(=N)c2ccc(NC=O)cc2)cc1,1,[*]NC(c1ccc(N[*])cc1)=N,c1(*)ccc(S(NCC=C)(=O)=NC)cc1|O=C*,22.03
N=C(NC(=O)c1ccccc1Oc1ccccc1)c1ccc(CN2CCCN(S(N)(=O)=O)CC2)cc1,1,N(C(c1ccc(C[*])cc1)=N)[*],C1CN(S(=O)(N)=O)CCCN1*|c1ccc(C(*)=O)c(Oc2ccccc2)c1,25.77
N=C(N)NCCCC(N)c1ccc(CC(=O)NCCSc2ccccc2)cc1,1,C(NC(=N)N)CCC([*])[*],*N|c1(*)ccc(CC(=O)NCCSc2ccccc2)cc1,17.82
CC=CCC=CC=CCC=CCC=CCC(=O)NC(=N)c1ccc(NC(=O)c2ccccc2)cc1,1,[*]NC(c1ccc(N[*])cc1)=N,C(=O)(CC=CCC=CCC=CC=CCC=CC)*|c1ccc(C(*)=O)cc1,30.94
COC(=O)c1c(C)nc(NCc2ccc(C(=N)NC(N)=O)cc2)nc1NCC(=O)O,1,N(C(c1ccc(C[*])cc1)=N)[*],OC(CNc1c(C(OC)=O)c(C)nc(N*)n1)=O|C(=O)(*)N,25.66
Cc1cc(N(C)C)c2cc(C(N)CCCNC(=N)N)ccc2c1,1,C(NC(=N)N)CCC([*])[*],*N|c1(C)cc2ccc(*)cc2c(N(C)C)c1,22.73
N=C(NC=O)c1ccc(NC(=O)CCN=C(N)N)cc1,1,[*]NC(c1ccc(N[*])cc1)=N,O=C*|O=C(*)CCN=C(N)N,9.37
Cc1ccc(Br)cc1N=Nc1ccccc1C(=O)Oc1ccccc1COC(=O)N=C(N)NN=C(N)N1CCC(N(C)Cc2ccc(C(=N)NC(N)=O)cc2)CC1,1,N(C(c1ccc(C[*])cc1)=N)[*],C(OC(=O)N=C(N)NN=C(N)N1CCC(N(C)*)CC1)c1c(OC(c2ccccc2N=Nc2c(C)ccc(Br)c2)=O)cccc1|NC(=O)*,50.7
COc1cccc(CC2CC3CCCCC3CN2C(N)CCCNC(=N)N)c1,1,C(NC(=N)N)CCC([*])[*],N*|C(C1CC2C(CCCC2)CN1*)c1cc(OC)ccc1,27.31
N=C(NOC(OC(=O)c1ccccc1CNC(=O)OCc1ccccc1)c1ccccc1)c1ccc(COc2ccc(NC(=O)NN=C(N)N)cc2)cc1,1,N(C(c1ccc(C[*])cc1)=N)[*],c1cc(NC(=O)NN=C(N)N)ccc1O*|*OC(OC(=O)c1ccccc1CNC(OCc1ccccc1)=O)c1ccccc1,39.41
N=C(N)NCCCC(c1ccccc1)c1ccc(O)cc1,1,C(NC(=N)N)CCC([*])[*],c1ccc(*)cc1|c1(*)ccc(O)cc1,8.9
CSC(=NN=C(C=Cc1ccc(NC(=O)Nc2ccc(C(=N)NC=O)cc2)cc1)c1ccccc1)NCCCN=C(N)N,1,[*]NC(c1ccc(N[*])cc1)=N,C(*)=O|c1cc(C(C=Cc2ccc(NC(=O)*)cc2)=NN=C(NCCCN=C(N)N)SC)ccc1,31.28
N=C(NS(=O)(=O)Nc1cc(Cc2cc(Cc3ccccc3)cc(C(=O)O)c2)c(N)cc1NC(=O)OCc1ccccc1)c1ccc(CNc2ccc(OCc3ccccc3)cc2F)cc1,1,N(C(c1ccc(C[*])cc1)=N)[*],c1(OCc2ccccc2)ccc(N*)c(F)c1|c1c(NS(=O)(*)=O)c(NC(OCc2ccccc2)=O)cc(N)c1Cc1cc(Cc2ccccc2)cc(C(=O)O)c1,53.86
Cc1cc(C(N)CCCNC(=N)N)ccc1OS(C)(=O)=O,1,C(NC(=N)N)CCC([*])[*],c1(*)cc(C)c(OS(C)(=O)=O)cc1|*N,13.79
N=C(NC(=O)NN=Cc1ccccc1)c1ccc(NC(=O)C(N)CCOc2ccc([N+](=O)[O-])cc2)cc1,1,[*]NC(c1ccc(N[*])cc1)=N,c1ccc(C=NNC(*)=O)cc1|c1(OCCC(C(=O)*)N)ccc([N+](=O)[O-])cc1,37.19
N#Cc1ccccc1COc1ccc(OCc2ccc(C(=N)NOCc3ccccc3)cc2)c(CCC(=O)O)c1,1,N(C(c1ccc(C[*])cc1)=N)[*],c1(COc2ccc(O*)c(CCC(=O)O)c2)ccccc1C#N|*OCc1ccccc1,33.86
N=C(N)NCCCC(N)CC(CSCc1ccc(O)cc1)NC(=O)CCCN=C(N)N,1,C(NC(=N)N)CCC([*])[*],*N|C(CC(NC(C*)CSCc1ccc(O)cc1)=O)CN=C(N)N,23.04
CC[n+]1ccc(Nc2ccc(C(=N)NC(=O)c3ccccc3)cc2)cc1,1,[*]NC(c1ccc(N[*])cc1)=N,c1cccc(C(*)=O)c1|c1c[n+](CC)ccc1*,14.82
Cc1ccccc1NC(=O)N1CCCN(c2ccc(CCc3ccc(C(=N)NC(=O)Nc4cc[n+](C)cc4)cc3)cc2)CC1,1,N(C(c1ccc(C[*])cc1)=N)[*],c1ccc(NC(=O)N2CCN(c3ccc(C*)cc3)CCC2)c(C)c1|N(C(=O)*)c1cc[n+](C)cc1,37.78
CNC(CCCNC(=N)N)c1ccc(Cl)cc1,1,C(NC(=N)N)CCC([*])[*],c1(Cl)ccc(*)cc1|N(*)C,12.39
CC[N+](=CCNC(=N)c1ccc(NC(=O)CCl)cc1)CC,1,[*]NC(c1ccc(N[*])cc1)=N,CC[N+](CC)=CC*|C(=O)(CCl)*,23.15
N=C(N)NCCCC(Cc1ccc(O)cc1)C1CCC(NS(N)(=O)=O)C1,1,C(NC(=N)N)CCC([*])[*],c1(C*)ccc(O)cc1|C1(*)CC(NS(=O)(N)=O)CC1,18.3
N=C(NS(=O)(=O)O)c1ccc(CNc2c(C(N)=O)c(O)cc(OC(=O)c3ccccc3C(=O)O)c2C(=O)O)cc1,1,N(C(c1ccc(C[*])cc1)=N)[*],N(*)c1c(C(N)=O)c(O)cc(OC(c2c(C(=O)O)cccc2)=O)c1C(=O)O|S(*)(=O)(=O)O,36.78
N=C(NC=O)c1ccc(NC(=O)CN=C(N)N)cc1,1,[*]NC(c1ccc(N[*])cc1)=N,O=C*|*C(=O)CN=C(N)N,10.65
N=C(NC=O)c1ccc(COc2cccc(C(=O)Nc3ccccc3N)c2)cc1,1,N(C(c1ccc(C[*])cc1)=N)[*],c1c(C(Nc2c(N)cccc2)=O)cccc1O*|C(*)=O,24.18
COc1ccc(CC(CCCNC(=N)N)C2CCCCC2)cc1,1,C(NC(=N)N)CCC([*])[*],C1C(*)CCCC1|c1(C*)ccc(OC)cc1,12.44
N=[N+]=NCCC(=O)Nc1ccc(C(=N)Nc2ccccc2C(=O)c2ccccc2)cc1,1,[*]NC(c1ccc(N[*])cc1)=N,c1cc(*)c(C(c2ccccc2)=O)cc1|O=C(*)CCN=[N+]=N,25.12
N=C(NS(=O)(=O)Cc1ccccc1CN)c1ccc(CNCc2ccc(Cl)cc2C(=O)NO)cc1,1,N(C(c1ccc(C[*])cc1)=N)[*],C(NO)(=O)c1c(CN*)ccc(Cl)c1|*S(=O)(=O)Cc1c(CN)cccc1,33.92
N=C(N)NCCCC(N)c1ccc(O)cc1,1,C(NC(=N)N)CCC([*])[*],*N|c1(*)ccc(O)cc1,7.81
N=C=NC=C[SH](=N)(C(=O)O)c1cccc(C(=O)NC(=N)c2ccc(NC(=O)CC(=O)O)cc2)c1,1,[*]NC(c1ccc(N[*])cc1)=N,O=C(*)c1cccc(S(=N)(C=CN=C=N)C(O)=O)c1|*C(CC(=O)O)=O,39.7
CNC(=O)NC(=N)c1ccc(CNc2nc(N)nc(NC(c3ccccc3)c3c(N)nc(N)[nH]c3=O)n2)cc1,1,N(C(c1ccc(C[*])cc1)=N)[*],n1c(N*)nc(NC(c2ccccc2)c2c(=O)[nH]c(N)nc2N)nc1N|*C(=O)NC,26.52
CC(=O)Nc1ccc(C(=N)NC(=O)c2ccc(C(=O)NCCCCC=Cc3ccccc3)cc2)cc1,1,[*]NC(c1ccc(N[*])cc1)=N,O=C(*)c1ccc(C(NCCCCC=Cc2ccccc2)=O)cc1|CC(*)=O,21.76
CN(Cc1ccc(C(=N)NS(=O)(=O)O)cc1)Cc1cccc(OCc2c(O)cc(N=Nc3ccccc3N(N)c3ccccc3)cc2OCCCCC(=O)O)c1,1,N(C(c1ccc(C[*])cc1)=N)[*],c1c(O)c(COc2cccc(CN(*)C)c2)c(OCCCCC(O)=O)cc1N=Nc1c(N(c2ccccc2)N)cccc1|O=S(O)(=O)*,50.98
N=C(N)NCCCC(N)Cc1ccc(N)cc1,1,C(NC(=N)N)CCC([*])[*],N*|C(*)c1ccc(N)cc1,11.76
CN(C)C(=O)NC(=N)c1ccc(NC(=O)c2ccccc2)cc1,1,[*]NC(c1ccc(N[*])cc1)=N,CN(C(=O)*)C|O=C(*)c1ccccc1,19.25
CSc1cccc(CNCCOc2ccc(C3(NCc4ccc(C(=N)NS(=O)(=O)c5ccc(S(N)(=O)=O)cc5)cc4)CCC3)cc2)c1,1,N(C(c1ccc(C[*])cc1)=N)[*],c1(SC)cc(CNCCOc2ccc(C3(N*)CCC3)cc2)ccc1|c1cc(S(*)(=O)=O)ccc1S(=O)(N)=O,51.64
N=C(N)NCCCC(CC(N)CCN=C(N)N)c1ccc(O)cc1,1,C(NC(=N)N)CCC([*])[*],c1(O)ccc(*)cc1|N(=C(N)N)CCC(N)C*,22.89
CCc1ccc(C(=N)NC(N)=O)cc1,1,N(C(c1ccc(C[*])cc1)=N)[*],*C|*C(=O)N,8.57
CC(=O)NC(=N)c1ccc(NC(=O)C(O)c2ccc(CC(N)=NCCCCN=C(N)N)cc2)cc1,1,[*]NC(c1ccc(N[*])cc1)=N,O=C(C)*|c1(C(O)C(=O)*)ccc(CC(=NCCCCN=C(N)N)N)cc1,32.39
COc1cc(OC(CCNCc2ccc(C(=N)NC(N)=O)cc2)Cc2cc(Br)c(OC(=O)NS(=O)(=O)c3cc(OC(C)C)cc(C)c3C)c(OC)c2CN)cc(CO)c1N,1,N(C(c1ccc(C[*])cc1)=N)[*],OCc1cc(OC(CCN*)Cc2cc(Br)c(OC(NS(=O)(c3c(C)c(C)cc(OC(C)C)c3)=O)=O)c(OC)c2CN)cc(OC)c1N|C(=O)(*)N,63.75
N=C(N)NCCCC(N)c1ccc(O)cc1,1,C(NC(=N)N)CCC([*])[*],c1(O)ccc(*)cc1|*N,8.24
CC(=O)Nc1ccc(C(=N)NC(=O)c2ccccc2)cc1,1,[*]NC(c1ccc(N[*])cc1)=N,c1cc(C(*)=O)ccc1|O=C(C)*,9.35
COc1cc(C)c(S(=O)(=O)NCCOc2ccccc2NS(=O)(=O)NC(=N)c2ccc(CNc3ccc(S(=O)NCC(=O)O)c(N)c3)cc2)c(C)c1[N+](=O)[O-],1,N(C(c1ccc(C[*])cc1)=N)[*],N(*)c1cc(N)c(S(NCC(=O)O)=O)cc1|c1c(NS(*)(=O)=O)c(OCCNS(=O)(c2c(C)cc(OC)c([N+](=O)[O-])c2C)=O)ccc1,54.14
CC(N)=NCc1cccc(NC(=N)c2ccc(NC(=O)CC3NCCCSc4ccccc43)cc2)c1,1,[*]NC(c1ccc(N[*])cc1)=N,c1ccc(CN=C(N)C)cc1*|c1ccc2c(c1)C(CC(*)=O)NCCCS2,30.46
CCN(Cc1ccc(C(=N)NC(N)=O)cc1)S(=O)(=O)Nc1cc(NC(=O)c2cc(N=C=S)ccc2Cl)c(N)cc1OC,1,N(C(c1ccc(C[*])cc1)=N)[*],O=S(N(CC)*)(=O)Nc1c(OC)cc(N)c(NC(=O)c2c(Cl)ccc(N=C=S)c2)c1|*C(=O)N,36.88
Cc1ccccc1C(CCCNC(=N)N)c1ccc(-c2cccc(CC(C)CNCC(=O)NN)c2)cc1,1,C(NC(=N)N)CCC([*])[*],c1c(*)ccc(-c2cccc(CC(C)CNCC(=O)NN)c2)c1|c1c(C)c(*)ccc1,30.33
CC(=NC=CN=C(N)NN=C(N)N)c1ccc(C(=O)NC(=N)c2ccc(NC(=O)CCN=C(N)N)cc2)cc1,1,[*]NC(c1ccc(N[*])cc1)=N,c1c(C(*)=O)ccc(C(=NC=CN=C(NN=C(N)N)N)C)c1|O=C(CCN=C(N)N)*,26.82
COC(=O)c1cccc(NC(=O)NC(=N)c2ccc(CN3CCCN(C(=O)c4c(NCc5cc(N)cc(S(N)(=O)=O)c5)cc(N)c(C(N)=O)c4Cl)CC3)cc2)c1,1,N(C(c1ccc(C[*])cc1)=N)[*],C1N(*)CCN(C(=O)c2c(Cl)c(C(=O)N)c(N)cc2NCc2cc(N)cc(S(=O)(=O)N)c2)CC1|c1c(NC(*)=O)cccc1C(OC)=O,52.12
N=C(N)NCCCC(N)c1ccc(Cl)cc1,1,C(NC(=N)N)CCC([*])[*],N*|Clc1ccc(*)cc1,8.55
CC(N)=NC(C(=O)Nc1ccc(C(=N)NC(N)=O)cc1)c1ccc2oc(N)cc(=O)c2c1,1,[*]NC(c1ccc(N[*])cc1)=N,*C(N)=O|O=C(C(N=C(N)C)c1ccc2oc(N)cc(=O)c2c1)*,37.65
COCCNc1ccccc1S(=O)(=O)NC(=N)c1ccc(COc2c(N)c(C)cc(N)c2C(N)=O)cc1,1,N(C(c1ccc(C[*])cc1)=N)[*],Cc1c(N)c(O*)c(C(N)=O)c(N)c1|*S(=O)(=O)c1c(NCCOC)cccc1,30.03
N=C(Nc1ccccc1)c1ccc(NCc2ccccc2)cc1,1,[*]NC(c1ccc(N[*])cc1)=N,c1cccc(*)c1|c1ccccc1C*,9.09
COc1ccc(C(CCCNC(=N)N)c2ccc(NC(C)=O)cc2C)cc1,1,C(NC(=N)N)CCC([*])[*],c1c(*)ccc(OC)c1|C(C)(=O)Nc1cc(C)c(*)cc1,22.59
N=C(NC1CCCCC1NC(=N)c1ccc(NC(=O)CCN)cc1)OCc1ccccc1,1,[*]NC(c1ccc(N[*])cc1)=N,O(Cc1ccccc1)C(NC1C(*)CCCC1)=N|NCCC(*)=O,26.36
COc1cc(C(=O)Nc2c(C)cc(NC(=O)OCc3ccccc3OCc3ccccc3)c(C)c2CCc2ccc(C(=N)NC(=O)NCCOS(=O)(=O)O)cc2)c(C)c(C)c1C,1,N(C(c1ccc(C[*])cc1)=N)[*],c1(C)c(C*)c(NC(c2cc(OC)c(C)c(C)c2C)=O)c(C)cc1NC(OCc1c(OCc2ccccc2)cccc1)=O|O=S(OCCNC(*)=O)(O)=O,57.31
CC(CCCNC(=N)N)Cc1ccc(C(N)=NC(C)C)cc1,1,C(NC(=N)N)CCC([*])[*],C*|c1c(C*)ccc(C(N)=NC(C)C)c1,11.65
N=C(NC(=O)N=C(N)N)c1ccc(COc2ccc(C(N)=NC(N)=S)c(N)c2)cc1,1,N(C(c1ccc(C[*])cc1)=N)[*],c1(O*)ccc(C(N)=NC(N)=S)c(N)c1|C(N=C(N)N)(=O)*,27.37
CC(=O)Nc1ccc(C(=N)NC(=O)C(C=NOC=C(N)CCl)c2ccc(N=Nc3ccccc3C=NNC(N)=NC(N)=NCCCN=C(N)N)cc2)cc1,1,[*]NC(c1ccc(N[*])cc1)=N,c1cc(C(C=NOC=C(CCl)N)C(*)=O)ccc1N=Nc1ccccc1C=NNC(=NC(=NCCCN=C(N)N)N)N|O=C(C)*,40.75
Cc1c(NC(=NCCN)c2ccc(N)c(NCc3ccc(C(=N)NC(=O)Nc4ccccc4CCl)cc3)c2)cnc(N)c1C(=O)NN=C(N)N,1,N(C(c1ccc(C[*])cc1)=N)[*],c1(N)c(N*)cc(C(Nc2cnc(N)c(C(=O)NN=C(N)N)c2C)=NCCN)cc1|*C(Nc1ccccc1CCl)=O,50.53
N=C(NC(N)=O)c1ccc(NC(=O)C(N)C(N)=Nc2ccc(C(N)=NC(N)=NCCN=C(N)N)cc2)cc1,1,[*]NC(c1ccc(N[*])cc1)=N,NC(*)=O|C(C(C(=O)*)N)(N)=Nc1ccc(C(=NC(=NCCN=C(N)N)N)N)cc1,29.86
C[n+]1ccc(C(=O)NC(=N)c2ccc(CCC(=O)OCC(=O)N(Cc3ccc(F)cc3Br)c3cccc(CN=S(N)(=O)c4ccccc4)c3)cc2)cc1N,1,N(C(c1ccc(C[*])cc1)=N)[*],Fc1ccc(CN(C(COC(=O)C*)=O)c2cc(CN=S(=O)(N)c3ccccc3)ccc2)c(Br)c1|C(c1cc[n+](C)c(N)c1)(=O)*,53.51
Cc1ccc(C(CCCNC(=N)N)N2CCCC2)cc1,1,C(NC(=N)N)CCC([*])[*],c1c(*)ccc(C)c1|N1(*)CCCC1,13.71
CCNC(=O)Nc1ccc(C(=N)Nc2ccccc2)cc1,1,[*]NC(c1ccc(N[*])cc1)=N,c1ccc(*)cc1|O=C(*)NCC,12.82
Cc1cccc(C)c1S(=O)(=O)NC(=N)c1ccc(CN2C=NC(c3cccc(N)c3)C(NC(=O)NCCN)C2)cc1,1,N(C(c1ccc(C[*])cc1)=N)[*],C1(NC(=O)NCCN)CN(*)C=NC1c1cc(N)ccc1|O=S(=O)(*)c1c(C)cccc1C,41.01
N=C(NC(N)=O)c1ccc(CNC(=O)COc2cnc(NC(N)=S)c(N(CC=C3COC4=C(OCc5ccccc5)CCCCCC3=CC(Br)=C4)C(=O)CO)c2)cc1,1,N(C(c1ccc(C[*])cc1)=N)[*],c1cccc(COc2c(OCC3=CCN(c4cc(OCC(N*)=O)cnc4NC(=S)N)C(=O)CO)cc(Br)cc3CCCCC2)c1|*C(=O)N,61.35
COc1ccc2cccc(CC(C)CCCNC(=N)N)c2c1,1,C(NC(=N)N)CCC([*])[*],c1(C*)cccc2ccc(OC)cc12|C*,15.85
CS(C)(=O)=NCc1cc(OCc2ccccc2OCc2ccc(C(=N)NC(=O)Nc3ccccc3)cc2)c(N)c(N2CCN(C(N)=O)c3cc(N)ccc3O2)c1,1,N(C(c1ccc(C[*])cc1)=N)[*],c1ccc(O*)c(COc2cc(CN=S(C)(C)=O)cc(N3CCN(C(=O)N)c4cc(N)ccc4O3)c2N)c1|c1cccc(NC(=O)*)c1,51.26
Cc1ccccc1C(CCCNC(=N)N)c1ccccc1C,1,C(NC(=N)N)CCC([*])[*],c1cccc(*)c1C|c1(*)ccccc1C,16.52
CCCC(=O)NC(=N)c1ccc(NC(=O)O)cc1,1,[*]NC(c1ccc(N[*])cc1)=N,C(CC(*)=O)C|O=C(O)*,17.44
N=C(NS(=O)(=O)c1ccccc1S(N)(=O)=O)c1ccc(CN2CCCC(N)C2)cc1,1,N(C(c1ccc(C[*])cc1)=N)[*],C1(N)CCCN(*)C1|S(*)(=O)(c1ccccc1S(=O)(=O)N)=O,22.4
CC(C)CCCC(CCCNC(=N)N)Nc1ccc(Cl)cc1Cl,1,C(NC(=N)N)CCC([*])[*],*CCCC(C)C|Clc1c(N*)ccc(Cl)c1,20.24
N#CN=C(N)N=C(N)N=C=NC(CN)CN=C(C=CC(=O)NC(=N)c1ccc(NC=O)cc1)OCc1ccccc1,1,[*]NC(c1ccc(N[*])cc1)=N,C(C(=O)*)=CC(OCc1ccccc1)=NCC(N=C=NC(=NC(=NC#N)N)N)CN|O=C*,37.62
CC(Nc1c(Nc2cccc(CN3CSCC(SCc4ccc(C(=N)NC(N)=O)cc4)C3)c2)c(=O)c1=O)c1ccccc1,1,N(C(c1ccc(C[*])cc1)=N)[*],C1SCC(S*)CN1Cc1cccc(Nc2c(=O)c(=O)c2NC(c2ccccc2)C)c1|C(N)(=O)*,46.01
N=C(N)NCCCC(c1ccccc1)c1ccc(Cl)cc1,1,C(NC(=N)N)CCC([*])[*],c1(*)ccccc1|c1c(*)ccc(Cl)c1,8.7
CCC(=O)Nc1ccc(C(=N)NC(=O)C(=CCCCN=C(N)c2ccccc2)NC(CCCCN=C(N)N)C(=O)O)cc1,1,[*]NC(c1ccc(N[*])cc1)=N,c1(C(N)=NCCCC=C(NC(CCCCN=C(N)N)C(O)=O)C(=O)*)ccccc1|C(C)C(=O)*,38.52
Cc1cccc(C(CCCNC(=N)N)Cc2ccc(O)c(CCNS(C)(=O)=O)c2)c1,1,C(NC(=N)N)CCC([*])[*],c1c(C)cc(*)cc1|c1(C*)ccc(O)c(CCNS(C)(=O)=O)c1,19.39
N=C(N)CCCC(=O)NC(=N)c1ccc(NC(=O)C(N)Cc2ccccc2)cc1,1,[*]NC(c1ccc(N[*])cc1)=N,C(CCCC(=N)N)(*)=O|C(C(C(*)=O)N)c1ccccc1,21.47
Cc1cccc(S(=O)(=O)NC(=N)c2ccc(CN(c3cc(N)c(C(N)=O)c(N)n3)c3ccccc3N(CCCl)CCCl)cc2)c1C(=O)Oc1cccc(N)c1C,1,N(C(c1ccc(C[*])cc1)=N)[*],c1(N(c2cc(N)c(C(N)=O)c(N)n2)*)c(N(CCCl)CCCl)cccc1|c1cc(S(=O)(=O)*)c(C(=O)Oc2c(C)c(N)ccc2)c(C)c1,45.83
N=C(N)NCCCC(Cc1ccccc1)Cc1ccccc1,1,C(NC(=N)N)CCC([*])[*],*Cc1ccccc1|c1c(C*)cccc1,10.26
COc1ccc(C(=O)Nc2cccc(Cl)c2C(=N)N)cc1OCc1ccc(C(=N)NC(N)=O)cc1,1,N(C(c1ccc(C[*])cc1)=N)[*],c1cc(NC(c2cc(O*)c(OC)cc2)=O)c(C(N)=N)c(Cl)c1|*C(=O)N,26.57
N=C(N)NCCCC(Cc1ccccc1)c1ccccc1,1,C(NC(=N)N)CCC([*])[*],c1(C*)ccccc1|c1cc(*)ccc1,8.64
N=C(NC(=O)Cc1ccccc1)c1ccc(NC(=O)c2ccccc2)cc1,1,[*]NC(c1ccc(N[*])cc1)=N,c1cccc(CC(*)=O)c1|C(*)(=O)c1ccccc1,12.35
COCc1cc(CN(C(=O)NNCc2cc(OC)cc(OC3CCNCC3)c2)c2cccc(Oc3ccccc3)c2)cc(Cl)c1OCc1ccc(C(=N)NC(=O)Oc2cc(Br)ccc2OC)cc1,1,N(C(c1ccc(C[*])cc1)=N)[*],O(Cc1c(O*)c(Cl)cc(CN(c2cc(Oc3ccccc3)ccc2)C(=O)NNCc2cc(OC3CCNCC3)cc(OC)c2)c1)C|*C(Oc1cc(Br)ccc1OC)=O,65.24
N=C(N)NCCCC(CC(N)=O)Cc1ccc2c(N)ccc(N)c2c1,1,C(NC(=N)N)CCC([*])[*],c1(C*)cc2c(N)ccc(N)c2cc1|*CC(=O)N,21.75
CCC(=O)NC(=N)c1ccc(NC(=O)c2ccccc2)cc1,1,[*]NC(c1ccc(N[*])cc1)=N,C(CC)(=O)*|c1cc(C(*)=O)ccc1,14.16
CCCCCc1c(Cn2c(N)c(Cc3ccc(C(=N)NC(=O)OCc4ccccc4)cc3)c(=O)[nH]c2=O)cccc1N=NNC(N)=S,1,N(C(c1ccc(C[*])cc1)=N)[*],c1cc(Cn2c(N)c(*)c(=O)[nH]c2=O)c(CCCCC)c(N=NNC(N)=S)c1|c1ccccc1COC(=O)*,39.94
CC(=O)Nc1ccc(C(CCCNC(=N)N)c2ccccc2)cc1,1,C(NC(=N)N)CCC([*])[*],c1c(*)cccc1|c1c(*)ccc(NC(C)=O)c1,12.83
CC(C)N=C(N)N=C(N)C=CC(=O)NC(=N)c1ccc(NC(=O)C(CCCN=C(N)N)N=S=N)cc1,1,[*]NC(c1ccc(N[*])cc1)=N,C(*)(C=CC(=NC(=NC(C)C)N)N)=O|N(=C(N)N)CCCC(C(=O)*)N=S=N,33.63
Cc1ccc(Br)cc1OCc1ccc(C(=N)NC(=O)c2cccc(C(=O)NC(N)=O)c2C)cc1,1,N(C(c1ccc(C[*])cc1)=N)[*],O(*)c1c(C)ccc(Br)c1|c1ccc(C(NC(=O)N)=O)c(C)c1C(*)=O,37.34
COC(=O)NC(=N)c1ccc(Nc2ccccc2)cc1,1,[*]NC(c1ccc(N[*])cc1)=N,COC(*)=O|*c1ccccc1,13.64
N=C(N)NCCCC(NCC1CCCN1CCc1cccc(O)c1)c1ccc2ccccc2c1,1,C(NC(=N)N)CCC([*])[*],c1(*)cc2ccccc2cc1|C(N1CCCC1CN*)Cc1cc(O)ccc1,26.46
CC(N)C(=O)Nc1ccc(C(=N)NC(=O)Cc2ccccc2)cc1,1,[*]NC(c1ccc(N[*])cc1)=N,c1cccc(CC(*)=O)c1|O=C(*)C(C)N,15.6
CC(C)(C)OC(=O)Nc1c(N)cccc1N=Nc1ccc(OCCO)cc1Nc1c(OCc2ccc(C(=N)NS(=O)(=O)O)cc2)ccc(N=C(N)c2ccccc2)c1N,1,N(C(c1ccc(C[*])cc1)=N)[*],c1(O*)c(Nc2cc(OCCO)ccc2N=Nc2c(NC(OC(C)(C)C)=O)c(N)ccc2)c(N)c(N=C(N)c2ccccc2)cc1|O=S(O)(*)=O,54.81
COc1ccc(C(N)CCCNC(=N)N)cc1,1,C(NC(=N)N)CCC([*])[*],*N|*c1ccc(OC)cc1,10.21
CC(=O)Nc1ccc(C(=N)NC(=O)CCCCCN)cc1,1,[*]NC(c1ccc(N[*])cc1)=N,O=C(*)CCCCCN|C(*)(=O)C,16.84
CCCCc1cccc(O)c1NCc1ccc(C(=N)NC(=O)CSCC(NC(C)=O)C(N)=O)cc1,1,N(C(c1ccc(C[*])cc1)=N)[*],c1cc(O)c(N*)c(CCCC)c1|N(C(C)=O)C(C(N)=O)CSCC(=O)*,36.12
CC(CCCNC(=N)N)Cc1cccc2ccccc12,1,C(NC(=N)N)CCC([*])[*],C*|*Cc1cccc2c1cccc2,13.88
CC(C)(C)OC(=O)NC(CNCCCc1ccc(C(=N)NC(=O)c2ccccc2)cc1)CSCc1cccc(NC(=O)OCc2ccccc2)c(=O)c1,1,N(C(c1ccc(C[*])cc1)=N)[*],O=C(OC(C)(C)C)NC(CNCC*)CSCc1cc(=O)c(NC(=O)OCc2ccccc2)ccc1|c1(C(=O)*)ccccc1,40.34
CC(=O)Nc1ccc(C(=N)Nc2ccc(N=C=S)cc2)cc1,1,[*]NC(c1ccc(N[*])cc1)=N,c1(*)ccc(N=C=S)cc1|CC(=O)*,10.44
N=C(NS(=O)(=O)O)c1ccc(CNc2nc(N)c(CN)c(Nc3ccccc3C(=O)NCCc3ccc(O)cc3)n2)cc1,1,N(C(c1ccc(C[*])cc1)=N)[*],N(c1c(CN)c(N)nc(N*)n1)c1c(C(NCCc2ccc(O)cc2)=O)cccc1|O=S(=O)(*)O,34.9
Cc1cc(S)c(O)cc1C(CCCNC(=N)N)CC1C(CNCc2cc(O)cc(O)c2)C(N)CN1c1cccc(N)c1,1,C(NC(=N)N)CCC([*])[*],c1c(C)c(*)cc(O)c1S|C1(C*)C(CNCc2cc(O)cc(O)c2)C(N)CN1c1cc(N)ccc1,46.23
N=C(NC(=O)Cc1ccccc1)c1ccc(Nc2ccc3ccccc3c2)cc1,1,[*]NC(c1ccc(N[*])cc1)=N,c1cccc(CC(*)=O)c1|c1ccc2ccc(*)cc2c1,15.17
CNCC(NCC(=O)Nc1c(C)cc(S(=O)(=O)N2CCN(C(=O)NCc3c(Cl)ccc(OCc4ccc(C(=N)NC(C)=NOC)cc4)c3N)CC2)c(C)c1C)C(N)=O,1,N(C(c1ccc(C[*])cc1)=N)[*],O=S(N1CCN(C(=O)NCc2c(Cl)ccc(O*)c2N)CC1)(=O)c1c(C)c(C)c(NC(=O)CNC(C(=O)N)CNC)c(C)c1|CON=C(*)C,63.48
C[n+]1ccc(NC(=N)c2ccc(NC(=O)C=CCN=C(N)N[N+](=O)[O-])cc2)cc1,1,[*]NC(c1ccc(N[*])cc1)=N,c1c(*)cc[n+](C)c1|O=C(C=CCN=C(N[N+]([O-])=O)N)*,27.81
CNC(N)=NN=C(N)c1ccc(NCc2ccc(C(=N)NS(=O)(=O)c3cc(NC(=O)c4cccc(N)c4C(=O)OC)c(NC(=O)CNCCN)c(C)c3C)cc2)cc1,1,N(C(c1ccc(C[*])cc1)=N)[*],N(*)c1ccc(C(=NN=C(N)NC)N)cc1|O=S(*)(c1c(C)c(C)c(NC(CNCCN)=O)c(NC(c2c(C(OC)=O)c(N)ccc2)=O)c1)=O,54.88
CC(C)CCc1ccc(O)c(C(CCCNC(=N)N)Cc2cccc(C(=NC(C)C)NC(CCCCN)C(=O)O)c2)c1,1,C(NC(=N)N)CCC([*])[*],c1(CCC(C)C)cc(*)c(O)cc1|c1(C*)cc(C(=NC(C)C)NC(CCCCN)C(O)=O)ccc1,30.35
N=C(NC(=O)C=CC(=O)O)c1ccc(NC=O)cc1,1,[*]NC(c1ccc(N[*])cc1)=N,O=C(O)C=CC(=O)*|C(=O)*,12.34
CCN(CC)c1cc(O)c(CN=CN)c(CCNCc2ccc(C(=N)NS(=O)(=O)c3ccccc3)cc2)c1Br,1,N(C(c1ccc(C[*])cc1)=N)[*],C(N*)Cc1c(Br)c(N(CC)CC)cc(O)c1CN=CN|O=S(*)(c1ccccc1)=O,40.3
C=CCOC(=O)NC(=N)c1ccc(NC=O)cc1,1,[*]NC(c1ccc(N[*])cc1)=N,O(CC=C)C(=O)*|C(=O)*,10.73
N=C(NC(=O)OCc1ccccc1)c1ccc(CNc2cc(NC(=O)Nc3c(Cl)ccc(Cl)c3Cl)nc(N)n2)cc1,1,N(C(c1ccc(C[*])cc1)=N)[*],n1c(N*)cc(NC(=O)Nc2c(Cl)c(Cl)ccc2Cl)nc1N|O=C(OCc1ccccc1)*,29.4
COc1cc(CC(CCCNC(=N)N)Cc2cc(O)cc(O)c2)cc(OC)c1O,1,C(NC(=N)N)CCC([*])[*],c1(C*)cc(O)cc(O)c1|COc1cc(C*)cc(OC)c1O,19.46
C=CCN(CC=C)CC=CC(=O)NC(=N)c1ccc(NC(=O)OCCCl)cc1,1,[*]NC(c1ccc(N[*])cc1)=N,*C(=O)C=CCN(CC=C)CC=C|C(OC(*)=O)CCl,23.69
CNC(=N)c1ccc(NC(=O)Cc2nc(-c3ccc(N=NC(C)(C)C)cc3)oc2SCCCC(N)=NC(=O)C2CCCCC2)cc1,1,[*]NC(c1ccc(N[*])cc1)=N,C*|C(C(=O)*)c1nc(-c2ccc(N=NC(C)(C)C)cc2)oc1SCCCC(=NC(C1CCCCC1)=O)N,53.65
CC(=O)NC(=N)c1ccc(COc2nc(C)c(Cl)cc2C(N)=O)cc1,1,N(C(c1ccc(C[*])cc1)=N)[*],c1(C)nc(O*)c(C(=O)N)cc1Cl|*C(=O)C,27.6
CCOC(=O)C(=O)NC(=N)c1ccc(NC(=O)NC(Cc2ccccc2)C(=O)O)cc1,1,[*]NC(c1ccc(N[*])cc1)=N,CCOC(=O)C(=O)*|c1ccccc1CC(C(=O)O)NC(=O)*,25.73
CNCC(=O)Nc1cc(CCCl)c(Br)c(OC(=O)NCCN=C2CCNCCN2c2ccc(N)c(OCc3ccc(C(=N)NC(N)=O)cc3)c2)c1,1,N(C(c1ccc(C[*])cc1)=N)[*],C1CN(c2ccc(N)c(O*)c2)C(=NCCNC(Oc2cc(NC(=O)CNC)cc(CCCl)c2Br)=O)CCN1|NC(=O)*,63.02
CC(C)c1ccc(CC(N)CCCNC(=N)N)cc1,1,C(NC(=N)N)CCC([*])[*],C(*)c1ccc(C(C)C)cc1|N*,13.86
CC(=O)Nc1ccc(C(=N)NC(=O)C=Cc2ccc([N+](=O)[O-])cc2)cc1,1,[*]NC(c1ccc(N[*])cc1)=N,[O-][N+](=O)c1ccc(C=CC(=O)*)cc1|CC(=O)*,16.78
N=C(N)NCCCC(N)Cc1ccccc1,1,C(NC(=N)N)CCC([*])[*],*Cc1ccccc1|*N,7.63
N=C(NC(=O)CCCC(=O)N=C(N)N)c1ccc(NC(=O)C(=O)OCC=Cc2ccc(NCCCl)cc2)cc1,1,[*]NC(c1ccc(N[*])cc1)=N,C(CC(*)=O)CC(N=C(N)N)=O|O=C(C(=O)*)OCC=Cc1ccc(NCCCl)cc1,34.61
COc1cccc(S(=O)(=O)NC(=N)c2ccc(CN)cc2)c1,1,N(C(c1ccc(C[*])cc1)=N)[*],*N|c1(OC)cccc(S(*)(=O)=O)c1,13.51
CCC(=O)Nc1ccc(C(=N)NC(=O)C(CO)N=C(N)c2ccc(CCCN=C(N)N)cc2)cc1,1,[*]NC(c1ccc(N[*])cc1)=N,C(*)(C(CO)N=C(c1ccc(CCCN=C(N)N)cc1)N)=O|CCC(*)=O,29.56
CN(Cc1ccc(C(=N)NC(=O)O)cc1)Cc1c(N)cc(N=Nc2ccc(CCCN)c(N=C(N)c3cc(O)c(O)cc3N)c2)cc1C(=O)O,1,N(C(c1ccc(C[*])cc1)=N)[*],CN(*)Cc1c(C(O)=O)cc(N=Nc2cc(N=C(N)c3cc(O)c(O)cc3N)c(CCCN)cc2)cc1N|O=C(O)*,53.87
N=C(N)NCCCC(N)c1ccc(CC(NCCCCN)C(=O)NC(Cc2ccc(O)cc2)C(N)=O)cc1,1,C(NC(=N)N)CCC([*])[*],c1(*)ccc(CC(C(NC(Cc2ccc(O)cc2)C(=O)N)=O)NCCCCN)cc1|N*,22.71
N=C(Nc1ccccc1)c1ccc(Nc2cccc3ccccc23)cc1,1,[*]NC(c1ccc(N[*])cc1)=N,c1c(*)cccc1|c1c(*)c2ccccc2cc1,15.15
Cc1cc(N=C(N)N)ccc1S(=O)(=O)NC(=N)c1ccc(CN)cc1,1,N(C(c1ccc(C[*])cc1)=N)[*],N*|c1(N=C(N)N)ccc(S(=O)(*)=O)c(C)c1,17.17
CC(C=CC=C=C1C=C(C(=O)O)C=C[N+]1(C)C)=CC(=O)NC(=N)c1ccc(NC(=O)c2ccccn2)cc1,1,[*]NC(c1ccc(N[*])cc1)=N,O=C(*)C=C(C=CC=C=C1C=C(C(=O)O)C=C[N+]1(C)C)C|*C(=O)c1ncccc1,39.82
N=C(NS(=O)(=O)c1ccccc1)c1ccc(CNS(=O)(=O)c2cnccc2N)cc1,1,N(C(c1ccc(C[*])cc1)=N)[*],n1ccc(N)c(S(N*)(=O)=O)c1|c1ccc(S(=O)(=O)*)cc1,22.6
CNC(CCCNC(=N)N)c1cc(C)ccc1O,1,C(NC(=N)N)CCC([*])[*],c1c(C)cc(*)c(O)c1|N(C)*,15.33
N=C(NC(=O)C=Cc1ccc(N=C=NCCN)cc1)c1ccc(NC=O)cc1,1,[*]NC(c1ccc(N[*])cc1)=N,c1(C=CC(*)=O)ccc(N=C=NCCN)cc1|O=C*,16.94
CN(C)CCNc1c(NCc2ccccc2)cc(NC(=O)Nc2cccc(N)c2CCCl)cc1N1CCCC(Nc2cccc(OCc3ccc(C(=N)NC=O)cc3)c2)NC1=O,1,N(C(c1ccc(C[*])cc1)=N)[*],c1(N2C(=O)NC(Nc3cccc(O*)c3)CCC2)c(NCCN(C)C)c(NCc2ccccc2)cc(NC(Nc2cccc(N)c2CCCl)=O)c1|O=C*,61.51
N=C(NC=O)c1ccc(NC(=O)CCCC(=O)O)cc1,1,[*]NC(c1ccc(N[*])cc1)=N,O=C*|O=C(CCCC(=O)*)O,12.5
COc1cccc(CNCc2ccc(C(=N)NS(=O)(=O)c3cccc(N)c3)cc2)c1OC,1,N(C(c1ccc(C[*])cc1)=N)[*],c1c(CN*)c(OC)c(OC)cc1|O=S(*)(=O)c1cc(N)ccc1,19.97
N=C(N)NCCCC(NCc1ccc(Cl)c(Cl)c1)c1ccc(CC(=O)NCCCN=C(N)N)cc1,1,C(NC(=N)N)CCC([*])[*],N(*)Cc1cc(Cl)c(Cl)cc1|c1(*)ccc(CC(NCCCN=C(N)N)=O)cc1,22.24
CC(=NN=Cc1ccc(N=C(N)N)cc1)C(=O)NC(=N)c1ccc(NC(=O)c2ccccc2)cc1,1,[*]NC(c1ccc(N[*])cc1)=N,CC(C(*)=O)=NN=Cc1ccc(N=C(N)N)cc1|*C(=O)c1ccccc1,22.62
Cc1ccccc1CNC1CC(C(=O)O)CN(Cc2ccc(C(=N)NN)cc2)C1,1,N(C(c1ccc(C[*])cc1)=N)[*],C1C(C(O)=O)CN(*)CC1NCc1c(C)cccc1|*N,26.53
CC(=O)Nc1ccc(C(=N)NCC(=O)O)cc1,1,[*]NC(c1ccc(N[*])cc1)=N,OC(=O)C*|CC(=O)*,12.23
CC(=O)Nc1ccc(C(=N)NC(=O)CC2NC(=O)C(Cc3ccccc3)NC2=O)cc1,1,[*]NC(c1ccc(N[*])cc1)=N,c1ccccc1CC1C(=O)NC(CC(=O)*)C(=O)N1|*C(C)=O,18.66
COC(=O)NC(=N)c1ccc(CNCCC2CCCCN2)cc1,1,N(C(c1ccc(C[*])cc1)=N)[*],C1(CCN*)NCCCC1|O(C)C(*)=O,24.16
CC(C)=CCCC(C)=CCc1ccccc1OC(=O)C=CC=CC(=O)Nc1ccc(C(=N)NC=O)cc1,1,[*]NC(c1ccc(N[*])cc1)=N,O=C*|C(=CC(*)=O)C=CC(Oc1c(CC=C(CCC=C(C)C)C)cccc1)=O,28.59
N=C(NC(N)=O)c1ccc(CN)cc1,1,N(C(c1ccc(C[*])cc1)=N)[*],N*|*C(=O)N,7.33
CC(=O)Nc1ccc(C(=N)NC(=O)C=CC(=O)Nc2ccc(CCN=C=S)cc2)cc1,1,[*]NC(c1ccc(N[*])cc1)=N,C(C(*)=O)=CC(Nc1ccc(CCN=C=S)cc1)=O|C(C)(*)=O,21.37
CSCCC(NC(=O)CCCCc1cccc(C(CCCNC(=N)N)C2CCN(S(C)(=O)=O)CC2)c1)C(=O)NCC(=O)NCc1cccc2ccccc12,1,C(NC(=N)N)CCC([*])[*],C(Cc1cc(*)ccc1)CCC(NC(CCSC)C(NCC(=O)NCc1cccc2c1cccc2)=O)=O|C1C(*)CCN(S(=O)(C)=O)C1,46.06
CC(=O)Nc1ccc(C(=N)NC(=O)N=NC(N)=NCC(=O)NN=CC=Cc2ccc(N=C(N)N)cc2)cc1,1,[*]NC(c1ccc(N[*])cc1)=N,O=C(CN=C(N)N=NC(*)=O)NN=CC=Cc1ccc(N=C(N)N)cc1|CC(=O)*,25.12
Cc1ccc(S(=O)(=O)NC(=N)c2ccc(CCCNC(=O)NS(=O)(=O)c3c(Cl)ccc(Cl)c3NCCN=C(N)N)cc2)c(C)c1,1,N(C(c1ccc(C[*])cc1)=N)[*],O=S(NC(=O)NCC*)(=O)c1c(Cl)ccc(Cl)c1NCCN=C(N)N|O=S(=O)(*)c1c(C)cc(C)cc1,37.85
N=C(N)NCCCC(N)C1CCCCC1,1,C(NC(=N)N)CCC([*])[*],C1(*)CCCCC1|N*,7.56
CC(=O)Nc1ccc(C(=N)NC(=O)CCCCN)cc1,1,[*]NC(c1ccc(N[*])cc1)=N,NCCCCC(*)=O|*C(=O)C,11.82
COC(=O)c1ccccc1C=NOCc1ccc(NC(=O)CSCCN=C(N)N)cc1C(=O)Nc1ccc(C)c(S(=O)(=O)NC(=N)c2ccc(CN)cc2)c1,1,N(C(c1ccc(C[*])cc1)=N)[*],N*|O=S(=O)(*)c1c(C)ccc(NC(=O)c2cc(NC(=O)CSCCN=C(N)N)ccc2CON=Cc2c(C(OC)=O)cccc2)c1,41.17
N=C(Nc1ccc(CN=C(N)N)cc1)c1ccc(Nc2ccccc2)cc1,1,[*]NC(c1ccc(N[*])cc1)=N,c1(*)ccc(CN=C(N)N)cc1|c1cc(*)ccc1,15.21
CC(C)(C)CC(=O)Nc1ccc(C(=N)Nc2ccccc2)cc1,1,[*]NC(c1ccc(N[*])cc1)=N,c1ccccc1*|C(*)(CC(C)(C)C)=O,16.01
CNC(=O)NC(=N)c1ccc(CN)cc1,1,N(C(c1ccc(C[*])cc1)=N)[*],N*|*C(=O)NC,8.88
N=C(N)NCCCC(Cc1cccc(O)c1)Cc1cc(O)ccc1C(=O)NN,1,C(NC(=N)N)CCC([*])[*],C(*)c1cc(O)ccc1C(=O)NN|c1(C*)cc(O)ccc1,22.39
N=C(NC(=O)c1ccccc1)c1ccc(NCc2ccccc2)cc1,1,[*]NC(c1ccc(N[*])cc1)=N,c1ccccc1C(=O)*|c1ccccc1C*,11.35
N=C(NC=O)c1ccc(NC(=O)Cc2ccc(C(N=C(N)N)=NC(CCCN=C(N)N)=N[N+](N)=O)cc2)cc1,1,[*]NC(c1ccc(N[*])cc1)=N,O=C*|c1cc(CC(=O)*)ccc1C(=NC(=N[N+](=O)N)CCCN=C(N)N)N=C(N)N,25.65
Cc1ccc(OC(=O)Nc2ccc(NS(=O)(=O)NC(=N)c3ccc(COc4cc(O)c(C(N)=O)c(N)c4C)cc3)c(C(=O)O)c2)cc1C,1,N(C(c1ccc(C[*])cc1)=N)[*],Oc1c(C(=O)N)c(N)c(C)c(O*)c1|C(Nc1cc(C(O)=O)c(NS(=O)(=O)*)cc1)(=O)Oc1ccc(C)c(C)c1,46.74
N=NC(N)=NCCC(CC(=O)NCCCN=C(N)N)=NOCC(=O)Nc1ccc(C(=N)Nc2ccc(C(=N)N)cc2)cc1,1,[*]NC(c1ccc(N[*])cc1)=N,c1cc(C(=N)N)ccc1*|O=C(CC(=NOCC(*)=O)CCN=C(N)N=N)NCCCN=C(N)N,34.47
N=C(NC(=O)OCc1ccccc1Cl)c1ccc(CNc2c(OCC(=O)O)ccc(O)c2CCc2cccc(OCCCNC(N)=NCCCCNC(N)=NCc3cccc(N)c3)c2)cc1,1,N(C(c1ccc(C[*])cc1)=N)[*],c1(O)ccc(OCC(=O)O)c(N*)c1CCc1cccc(OCCCNC(=NCCCCNC(=NCc2cc(N)ccc2)N)N)c1|c1cc(COC(*)=O)c(Cl)cc1,66.24
Cc1cccc(C(CCCNC(=N)N)CC(N)=O)c1,1,C(NC(=N)N)CCC([*])[*],c1c(*)cc(C)cc1|C(C(=O)N)*,13.51
N=C(NC(=O)Nc1ccccc1C(N)=O)c1ccc(CN)cc1,1,N(C(c1ccc(C[*])cc1)=N)[*],*N|c1c(NC(=O)*)c(C(N)=O)ccc1,15.84
CC(CCCNC(=N)N)c1ccc(Cl)c(Cl)c1,1,C(NC(=N)N)CCC([*])[*],c1cc(*)cc(Cl)c1Cl|C*,11.51
N=CN=C(N)CC=CC(=O)NC(=N)c1ccc(NC(=O)CCl)cc1,1,[*]NC(c1ccc(N[*])cc1)=N,NC(CC=CC(=O)*)=NC=N|C(*)(CCl)=O,19.92
CC(C)C(CCCNC(=N)N)Cc1ccc(CCC(N)=O)cc1,1,C(NC(=N)N)CCC([*])[*],*C(C)C|c1(C*)ccc(CCC(=O)N)cc1,19.85
N=C(NC(=O)C=Cc1ccc(O)cc1)c1ccc(NC(=O)CCN)cc1,1,[*]NC(c1ccc(N[*])cc1)=N,*C(C=Cc1ccc(O)cc1)=O|C(N)CC(*)=O,19.63
CCNS(=O)(=O)NC(=N)c1ccc(COc2cc(OC)c(OC)c(OC)c2)cc1,1,N(C(c1ccc(C[*])cc1)=N)[*],c1(OC)c(OC)cc(O*)cc1OC|N(CC)S(*)(=O)=O,22.09
CC(=O)Nc1ccc(C(=N)NC(=O)C2C=CC=CC2=C[N+](=O)[O-])cc1,1,[*]NC(c1ccc(N[*])cc1)=N,O=C(*)C1C(=C[N+](=O)[O-])C=CC=C1|C(*)(C)=O,25.13
CN1CCN(c2c(Br)cc(C(=O)NCc3cccc(NC(=O)NC4CCCN(CCCc5ccc(C(=N)NC(=O)c6ccccc6)cc5)c5ccc(NC=O)cc54)c3)cc2S(N)(=O)=O)CC1,1,N(C(c1ccc(C[*])cc1)=N)[*],N1(CC*)CCCC(NC(=O)Nc2cccc(CNC(=O)c3cc(S(N)(=O)=O)c(N4CCN(C)CC4)c(Br)c3)c2)c2cc(NC=O)ccc21|c1c(C(*)=O)cccc1,60.08
CNC(CCCNC(=N)N)NCC(C)C,1,C(NC(=N)N)CCC([*])[*],CC(CN*)C|CN*,14.57
CCCCC(CC)=NCCCNC(=N)c1ccc(NC(=O)CN=C(N)N)cc1,1,[*]NC(c1ccc(N[*])cc1)=N,CCC(CCCC)=NCCC*|C(C(=O)*)N=C(N)N,27.91
N=C(NC(N)=O)c1ccc(COc2cc(C(=O)NCCCN=C(N)N)nc(N)n2)cc1,1,N(C(c1ccc(C[*])cc1)=N)[*],C(=O)(c1cc(O*)nc(N)n1)NCCCN=C(N)N|O=C(*)N,23.65
CC(C)C(N)CCCNC(=N)N,1,C(NC(=N)N)CCC([*])[*],*C(C)C|N*,6.69
CC(=NC(N)=O)N1CCC(Cc2ccc(C(=N)NS(=O)(=O)O)cc2)CC1,1,N(C(c1ccc(C[*])cc1)=N)[*],CC(N1CCC(*)CC1)=NC(=O)N|O=S(O)(=O)*,29.28
N=C(N)NCCCC(N)CCC(=O)O,1,C(NC(=N)N)CCC([*])[*],C(C*)C(O)=O|*N,11.81
CC(=O)Nc1ccc(C(=N)NC(=O)C=Cc2ccccc2)cc1,1,[*]NC(c1ccc(N[*])cc1)=N,c1ccc(C=CC(=O)*)cc1|CC(*)=O,11.45
CC(C)(C)OC(=O)NN=C(NC(=N)c1ccc(COCc2c(OCC(=O)O)nc(N)nc2OC(=O)Oc2ccc(O)cc2C2=NCCCN2)cc1)C1CCNCC1,1,N(C(c1ccc(C[*])cc1)=N)[*],O(*)Cc1c(OCC(O)=O)nc(N)nc1OC(=O)Oc1c(C2=NCCCN2)cc(O)cc1|C(=O)(NN=C(*)C1CCNCC1)OC(C)(C)C,71.05
Cc1cc(CC(CCCNC(=N)N)c2ccccc2)ccc1N,1,C(NC(=N)N)CCC([*])[*],c1c(*)cccc1|c1cc(C*)cc(C)c1N,12.19
CCOC(=O)NC(=N)c1ccc(NC(C)=O)cc1,1,[*]NC(c1ccc(N[*])cc1)=N,C(C)OC(*)=O|*C(=O)C,11.46
CN(CCCCS(=O)(=O)NC(=N)c1ccc(COc2ccc(Nc3cc[n+](C)c(N)c3)cc2Cl)cc1)c1ccccc1,1,N(C(c1ccc(C[*])cc1)=N)[*],c1(Cl)c(O*)ccc(Nc2cc[n+](C)c(N)c2)c1|*S(CCCCN(C)c1ccccc1)(=O)=O,38.8
CC(=O)Nc1ccc(C(=N)NC(=O)CCC=NNS(=O)(=O)C=CC(=O)O)cc1,1,[*]NC(c1ccc(N[*])cc1)=N,C(=NNS(C=CC(=O)O)(=O)=O)CCC(=O)*|C(C)(*)=O,31.39
N=C(NS(=O)(=O)O)c1ccc(CCC2N=CNN2)cc1,1,N(C(c1ccc(C[*])cc1)=N)[*],C1(C*)N=CNN1|O=S(*)(=O)O,21.6
N=C(N)NCCCC(N)N1CCNCC1,1,C(NC(=N)N)CCC([*])[*],N*|N1(*)CCNCC1,16.98
CCCCNC(=N)N=C(N=C=S)c1ccc(NC(=N)c2ccc(NC(C)=O)cc2)cc1,1,[*]NC(c1ccc(N[*])cc1)=N,C(NCCCC)(N=C(c1ccc(*)cc1)N=C=S)=N|*C(C)=O,29.59
N=C(NC(N)=O)c1ccc(CNC2CCN(CC(=O)OCc3cc(N)c(C(N)=NO)cc3N)CC2)cc1,1,N(C(c1ccc(C[*])cc1)=N)[*],O=C(OCc1c(N)cc(C(N)=NO)c(N)c1)CN1CCC(N*)CC1|O=C(*)N,33.15
CC1CCC(CC(N)CCCNC(=N)N)C1,1,C(NC(=N)N)CCC([*])[*],*N|C1(C)CCC(C*)C1,16.95
CC(=O)Nc1ccc(C(=N)NC(=O)c2cccc(N)c2)cc1,1,[*]NC(c1ccc(N[*])cc1)=N,c1c(C(*)=O)cc(N)cc1|C(*)(=O)C,15.88
C=[N+]NC(N)=NN=CNc1c[n+](C)c(N)nc1NCc1ccc(C(=N)NS(=O)(=O)O)cc1,1,N(C(c1ccc(C[*])cc1)=N)[*],N(c1c[n+](C)c(N)nc1N*)C=NN=C(N)N[N+]=C|O=S(*)(=O)O,27.16
CS(=O)(=O)Nc1cccc(CCNCCCNS(=O)(=O)Cc2ccc(C(CCCNC(=N)N)c3ccc(N)cc3)cc2)c1,1,C(NC(=N)N)CCC([*])[*],c1(*)ccc(CS(=O)(=O)NCCCNCCc2cc(NS(C)(=O)=O)ccc2)cc1|*c1ccc(N)cc1,33.56
N=C(NC(N)=O)c1ccc(NC(=O)Cc2ccccc2)cc1,1,[*]NC(c1ccc(N[*])cc1)=N,NC(*)=O|c1c(CC(=O)*)cccc1,11.99
Cc1ccc(NC(=NC(C)S)NCC(=O)NCC(N)=O)cc1CC1CSCC1c1ccc(Cl)c(C(N)CCCNC(=N)N)c1,1,C(NC(=N)N)CCC([*])[*],C1(c2cc(*)c(Cl)cc2)C(Cc2cc(NC(=NC(S)C)NCC(NCC(N)=O)=O)ccc2C)CSC1|N*,48.14
N=C(NS(=O)(=O)c1ccccc1)c1ccc(COc2cc(Cl)ccc2C(=O)Nc2ccccc2N2CCC(N3CCCCCC3)CC2)cc1,1,N(C(c1ccc(C[*])cc1)=N)[*],c1(Cl)cc(O*)c(C(Nc2ccccc2N2CCC(N3CCCCCC3)CC2)=O)cc1|c1c(S(=O)(=O)*)cccc1,38.09
N=C(N)NCCCC(N)c1cccc(O)c1,1,C(NC(=N)N)CCC([*])[*],*N|c1c(*)cc(O)cc1,9.55
CC(=O)Nc1ccc(C(=N)NCN=C(NC(CCCCN)C(=O)Nc2ccc(C(=N)N)cc2)NS(=O)(=O)CCCCC=N)cc1,1,[*]NC(c1ccc(N[*])cc1)=N,C(CN)CCC(NC(=NC*)NS(=O)(=O)CCCCC=N)C(=O)Nc1ccc(C(=N)N)cc1|CC(=O)*,53.14
COc1ccccc1OCc1ccc(C(=N)NS(=O)(=O)c2cccc3c2Nc2c(ncnc2S(N)(=O)=O)CN3)cc1,1,N(C(c1ccc(C[*])cc1)=N)[*],c1cccc(OC)c1O*|N1c2cccc(S(*)(=O)=O)c2Nc2c(ncnc2S(=O)(=O)N)C1,40.99
CC(C)(C)OC(=O)Nc1ccc(C(CCCNC(=N)N)C2CCCCC2)cn1,1,C(NC(=N)N)CCC([*])[*],C(C)(C)(C)OC(=O)Nc1ccc(*)cn1|C1C(*)CCCC1,23.22
N=C(N)c1ccc(N)c(C=NNC(=O)NC(=N)c2ccc(NC(=O)c3ccccc3)cc2)c1,1,[*]NC(c1ccc(N[*])cc1)=N,*C(=O)NN=Cc1c(N)ccc(C(N)=N)c1|c1cccc(C(*)=O)c1,26.21
N=C(NC(=O)Oc1ccccc1)c1ccc(CCC[n+]2ccc(Nc3ccc(C(=O)NC(CC(N)=O)C(=O)NN)cc3)c(N)c2N)cc1,1,N(C(c1ccc(C[*])cc1)=N)[*],c1(Nc2cc[n+](CC*)c(N)c2N)ccc(C(NC(C(=O)NN)CC(=O)N)=O)cc1|c1cccc(OC(*)=O)c1,48.38
CC(C)CC(CCCNC(=N)N)c1ccccc1,1,C(NC(=N)N)CCC([*])[*],C(C(C)C)*|*c1ccccc1,11.33
CCCC(=O)Nc1ccc(C(=N)NC)cc1,1,[*]NC(c1ccc(N[*])cc1)=N,C*|CCCC(=O)*,13.01
N=C(NC(=O)Nc1ccc(S(N)(=O)=O)cc1Cl)c1ccc(CNCC2CCN(Cc3ccc(Br)c(OC(F)F)c3)CC2)cc1,1,N(C(c1ccc(C[*])cc1)=N)[*],C1C(CN*)CCN(Cc2ccc(Br)c(OC(F)F)c2)C1|O=S(=O)(c1ccc(NC(*)=O)c(Cl)c1)N,38.47
CCCN=C(N)N=C(N=C(N)c1ccc(NC(=N)c2ccc(NC(=O)C(N)CCC(=O)O)cc2)cc1)OCC,1,[*]NC(c1ccc(N[*])cc1)=N,c1cc(C(=NC(OCC)=NC(=NCCC)N)N)ccc1*|O=C(CCC(C(=O)*)N)O,29.0
N=C(NS(=O)(=O)O)c1ccc(COc2nc(N)nc(N)[n+]2-c2ccc3ccc(C(=N)N)c(N)c3c2)cc1,1,N(C(c1ccc(C[*])cc1)=N)[*],[n+]1(-c2ccc3ccc(C(N)=N)c(N)c3c2)c(O*)nc(N)nc1N|O=S(*)(=O)O,38.68
N=C(N)NCCCC(N)c1cccc(Cl)c1Cl,1,C(NC(=N)N)CCC([*])[*],c1(Cl)c(Cl)cccc1*|N*,13.91
N=C(NC(=O)CCCCN)c1ccc(NC(=O)C2CCC2)cc1,1,[*]NC(c1ccc(N[*])cc1)=N,NCCCCC(*)=O|O=C(C1CCC1)*,20.53
N=C(NC(=O)OC[n+]1ccccc1)c1ccc(CNc2cc(O)[n+](Cc3cc(N)ccc3OC(=O)c3ccccc3)c(N)n2)cc1,1,N(C(c1ccc(C[*])cc1)=N)[*],c1c(N*)nc(N)[n+](Cc2cc(N)ccc2OC(=O)c2ccccc2)c1O|c1ccc[n+](COC(=O)*)c1,45.59
COc1ccc(CC(CCCNC(=N)N)Cc2ccc(NS(C)(=O)=O)c(O)c2)cc1,1,C(NC(=N)N)CCC([*])[*],c1c(OC)ccc(C*)c1|C(*)c1cc(O)c(NS(C)(=O)=O)cc1,24.18
CC(=O)Nc1ccc(C(=N)NS(=O)(=O)c2ccc(C)cc2)cc1,1,[*]NC(c1ccc(N[*])cc1)=N,c1c(S(=O)(=O)*)ccc(C)c1|O=C(C)*,12.89
Cc1cccc(Nc2cc(Cc3ccc(C(=N)NC(N)=O)cc3)[nH]n2)c1CN1CCCC1,1,N(C(c1ccc(C[*])cc1)=N)[*],n1[nH]c(*)cc1Nc1c(CN2CCCC2)c(C)ccc1|C(=O)(N)*,34.5
CC(CNC(C)CCCNC(=N)N)Cc1ccc(O)cc1,1,C(NC(=N)N)CCC([*])[*],*C|N(*)CC(C)Cc1ccc(O)cc1,17.22
CC(=O)Nc1ccc(C(=N)Nc2ccc(N=C(N)NN=CCCCCN=C(N)N)cc2)cc1,1,[*]NC(c1ccc(N[*])cc1)=N,c1(*)ccc(N=C(NN=CCCCCN=C(N)N)N)cc1|C(C)(=O)*,21.93
CC(=O)c1cc(C(N)=O)c(N(C)Cc2ccc(C(=N)NC(N)=O)cc2)c(C(=O)N2CCOCC2)c1,1,N(C(c1ccc(C[*])cc1)=N)[*],C1OCCN(C(c2c(N(C)*)c(C(=O)N)cc(C(C)=O)c2)=O)C1|O=C(*)N,40.49
N=C(N)NCCCC(N)c1ccc2ccc(O)cc2c1,1,C(NC(=N)N)CCC([*])[*],N*|Oc1ccc2ccc(*)cc2c1,15.72
C=CCOC(=O)NC(=N)c1ccc(NC(C)=O)cc1,1,[*]NC(c1ccc(N[*])cc1)=N,O=C(*)OCC=C|C(*)(=O)C,11.18
CN(C)CCNc1c(C2CCN(C)CC2)ccc(OC2CN(C)CCC2N(C)Cc2ccc(C(=N)NC(N)=O)cc2)c1N,1,N(C(c1ccc(C[*])cc1)=N)[*],C1(c2ccc(OC3CN(C)CCC3N(*)C)c(N)c2NCCN(C)C)CCN(C)CC1|O=C(N)*,51.35
