rank,selected_as_ideal_binder,chembl_id,pref_name,smiles,standard_type,standard_value_nm,pchembl,assay_chembl_id,assay_confidence_score,assay_description,document_chembl_id,pmid,mw,is_approved_drug,approved_drug_name,approved_match_type,approved_reference_table,n_potent_activities,n_distinct_assays,n_distinct_documents,best_of_molecule_nm,median_nm,target_symbol,target_uniprot,target_chembl_id,caveat
1,True,CHEMBL1289926,AXITINIB,CNC(=O)c1ccccc1Sc1ccc2c(/C=C/c3ccccn3)n[nH]c2c1,IC50,0.02,10.70,CHEMBL5621867,9,Inhibition of VEGFR-2 (unknown origin) expressed in PAE cells assessed as reduction in VEGFA induced protein phosphorylation preincubated for 1 hr followed by VEGFA stimulation for 5 to 10 mins by ELISA,CHEMBL5620377,37285684,386.48,True,axitinib,inchikey_exact,approved_drugs.csv,11,11,11,0.02,0.25,KDR,P35968,CHEMBL279,"best literature ligand for this target, not a theoretical optimum; potency is the single most potent qualifying ChEMBL activity"
2,False,CHEMBL3925855,,Cn1ccnc1C(=O)Nc1cccc(Oc2ccc3c(/C=C/c4ccccn4)n[nH]c3c2)c1,Ki,0.02,10.70,CHEMBL3881022,9,Inhibition of unphosphorylated human 50 residues truncated cytoplasmic domain of VEGFR2 E990V mutant expressed in baculovirus/insect expression system assessed as reduction in NADH oxidation using poly(E4Y1) as substrate by pyruvate kinase/lactate dehydrogenase coupled assay,CHEMBL3880421,,436.48,False,,none,approved_drugs.csv,1,1,1,0.02,0.02,KDR,P35968,CHEMBL279,"best literature ligand for this target, not a theoretical optimum; potency is the single most potent qualifying ChEMBL activity"
3,False,CHEMBL1336,SORAFENIB,CNC(=O)c1cc(Oc2ccc(NC(=O)Nc3ccc(Cl)c(C(F)(F)F)c3)cc2)ccn1,Ki,0.021,10.68,CHEMBL1821211,9,Inhibition of human N-terminal His-tagged non-phosphorylated VEGFR2 after 60 mins by activity based 100 fold dilution assay,CHEMBL1817643,21885287,464.83,True,sorafenib,inchikey_exact,approved_drugs.csv,103,102,86,0.021,44.34,KDR,P35968,CHEMBL279,"best literature ligand for this target, not a theoretical optimum; potency is the single most potent qualifying ChEMBL activity"
4,False,CHEMBL5189340,,CN(C)c1ccc(/C=N/NC(=O)Cn2nc(Cc3ccc(Cl)cc3)c3ccccc3c2=O)cc1,IC50,0.023,10.64,CHEMBL5104376,9,Inhibition of VEGFR-2 (unknown origin),CHEMBL5104091,33129590,473.96,False,,none,approved_drugs.csv,1,1,1,0.023,0.023,KDR,P35968,CHEMBL279,"best literature ligand for this target, not a theoretical optimum; potency is the single most potent qualifying ChEMBL activity"
5,False,CHEMBL1254007,,Cn1ccc2ncnc(Oc3ccc(NC(=O)Nc4cccc(C(F)(F)F)c4)c(F)c3)c21,Ki,0.024,10.62,CHEMBL1821211,9,Inhibition of human N-terminal His-tagged non-phosphorylated VEGFR2 after 60 mins by activity based 100 fold dilution assay,CHEMBL1817643,21885287,445.38,False,,none,approved_drugs.csv,10,9,2,0.024,5.45,KDR,P35968,CHEMBL279,"best literature ligand for this target, not a theoretical optimum; potency is the single most potent qualifying ChEMBL activity"
6,False,CHEMBL2105717,CABOZANTINIB,COc1cc2nccc(Oc3ccc(NC(=O)C4(C(=O)Nc5ccc(F)cc5)CC4)cc3)c2cc1OC,IC50,0.03,10.52,CHEMBL6074902,9,Inhibition of VEGFR-2 (unknown origin),CHEMBL6074624,39128361,501.51,True,cabozantinib,inchikey_exact,approved_drugs.csv,32,32,27,0.03,0.035,KDR,P35968,CHEMBL279,"best literature ligand for this target, not a theoretical optimum; potency is the single most potent qualifying ChEMBL activity"
7,False,CHEMBL429743,,COc1cc2nccc(Oc3ccc4c(C(=O)Nc5ccc(Cl)cc5)cccc4c3)c2cc1OC,IC50,0.03,10.52,CHEMBL950174,8,Inhibition of KDR by HTRF assay,CHEMBL1144028,18311900,484.94,False,,none,approved_drugs.csv,6,6,6,0.03,0.4849,KDR,P35968,CHEMBL279,"best literature ligand for this target, not a theoretical optimum; potency is the single most potent qualifying ChEMBL activity"
8,False,CHEMBL3898789,,Cc1cnc(C(=O)Nc2cccc(Oc3ccc4c(/C=C/c5ccccc5)n[nH]c4c3)c2)s1,Ki,0.03,10.52,CHEMBL3881022,9,Inhibition of unphosphorylated human 50 residues truncated cytoplasmic domain of VEGFR2 E990V mutant expressed in baculovirus/insect expression system assessed as reduction in NADH oxidation using poly(E4Y1) as substrate by pyruvate kinase/lactate dehydrogenase coupled assay,CHEMBL3880421,,452.54,False,,none,approved_drugs.csv,1,1,1,0.03,0.03,KDR,P35968,CHEMBL279,"best literature ligand for this target, not a theoretical optimum; potency is the single most potent qualifying ChEMBL activity"
9,False,CHEMBL3915607,,CCn1nc(C)cc1C(=O)Nc1cccc(C(=O)c2ccc3c(/C=C/c4ccccn4)n[nH]c3c2)c1,Ki,0.03,10.52,CHEMBL3881022,9,Inhibition of unphosphorylated human 50 residues truncated cytoplasmic domain of VEGFR2 E990V mutant expressed in baculovirus/insect expression system assessed as reduction in NADH oxidation using poly(E4Y1) as substrate by pyruvate kinase/lactate dehydrogenase coupled assay,CHEMBL3880421,,476.54,False,,none,approved_drugs.csv,1,1,1,0.03,0.03,KDR,P35968,CHEMBL279,"best literature ligand for this target, not a theoretical optimum; potency is the single most potent qualifying ChEMBL activity"
10,False,CHEMBL489326,EXELIXIS,COc1cc2nccc(Oc3ccc(NC(=O)C4(C(=O)Nc5ccc(F)cc5)CC4)cc3F)c2cc1OC,IC50,0.035,10.46,CHEMBL3811337,9,"Inhibition of human recombinant full length VEGFR2 using poly (Glu,Tyr) as substrate by AlphaScreen assay",CHEMBL3808287,26555154,519.5,False,,none,approved_drugs.csv,4,4,3,0.035,4.45,KDR,P35968,CHEMBL279,"best literature ligand for this target, not a theoretical optimum; potency is the single most potent qualifying ChEMBL activity"
11,False,CHEMBL3899609,,O=C(c1cccc(NC(=O)C2C[C@H]2c2ccccc2)c1)c1ccc2c(/C=C/c3ccccn3)n[nH]c2c1,Ki,0.04,10.40,CHEMBL3881022,9,Inhibition of unphosphorylated human 50 residues truncated cytoplasmic domain of VEGFR2 E990V mutant expressed in baculovirus/insect expression system assessed as reduction in NADH oxidation using poly(E4Y1) as substrate by pyruvate kinase/lactate dehydrogenase coupled assay,CHEMBL3880421,,484.56,False,,none,approved_drugs.csv,1,1,1,0.04,0.04,KDR,P35968,CHEMBL279,"best literature ligand for this target, not a theoretical optimum; potency is the single most potent qualifying ChEMBL activity"
12,False,CHEMBL3915544,,O=C(NNC(=O)c1ccccc1Sc1ccc2c(/C=C/c3ccccn3)n[nH]c2c1)c1cccs1,Ki,0.04,10.40,CHEMBL3881022,9,Inhibition of unphosphorylated human 50 residues truncated cytoplasmic domain of VEGFR2 E990V mutant expressed in baculovirus/insect expression system assessed as reduction in NADH oxidation using poly(E4Y1) as substrate by pyruvate kinase/lactate dehydrogenase coupled assay,CHEMBL3880421,,497.61,False,,none,approved_drugs.csv,1,1,1,0.04,0.04,KDR,P35968,CHEMBL279,"best literature ligand for this target, not a theoretical optimum; potency is the single most potent qualifying ChEMBL activity"
13,False,CHEMBL3545335,AG-13958,Cc1cc(C(=O)Nc2cc(Nc3ccc4c(/C=C/c5ccccn5)n[nH]c4c3)ccc2F)n(C)n1,Ki,0.04,10.40,CHEMBL3881022,9,Inhibition of unphosphorylated human 50 residues truncated cytoplasmic domain of VEGFR2 E990V mutant expressed in baculovirus/insect expression system assessed as reduction in NADH oxidation using poly(E4Y1) as substrate by pyruvate kinase/lactate dehydrogenase coupled assay,CHEMBL3880421,,467.51,False,,none,approved_drugs.csv,1,1,1,0.04,0.04,KDR,P35968,CHEMBL279,"best literature ligand for this target, not a theoretical optimum; potency is the single most potent qualifying ChEMBL activity"
14,False,CHEMBL3952496,,O=C(Nc1cccc(C(=O)c2ccc3c(/C=C/c4ccccn4)n[nH]c3c2)c1)c1ccccc1,Ki,0.046,10.34,CHEMBL3881022,9,Inhibition of unphosphorylated human 50 residues truncated cytoplasmic domain of VEGFR2 E990V mutant expressed in baculovirus/insect expression system assessed as reduction in NADH oxidation using poly(E4Y1) as substrate by pyruvate kinase/lactate dehydrogenase coupled assay,CHEMBL3880421,,444.49,False,,none,approved_drugs.csv,1,1,1,0.046,0.046,KDR,P35968,CHEMBL279,"best literature ligand for this target, not a theoretical optimum; potency is the single most potent qualifying ChEMBL activity"
15,False,CHEMBL3969695,,O=C(c1cccc(NC(=O)c2ccc(Cl)s2)c1)c1ccc2c(/C=C/c3ccccn3)n[nH]c2c1,Ki,0.05,10.30,CHEMBL3881022,9,Inhibition of unphosphorylated human 50 residues truncated cytoplasmic domain of VEGFR2 E990V mutant expressed in baculovirus/insect expression system assessed as reduction in NADH oxidation using poly(E4Y1) as substrate by pyruvate kinase/lactate dehydrogenase coupled assay,CHEMBL3880421,,484.97,False,,none,approved_drugs.csv,1,1,1,0.05,0.05,KDR,P35968,CHEMBL279,"best literature ligand for this target, not a theoretical optimum; potency is the single most potent qualifying ChEMBL activity"
16,False,CHEMBL3904168,,C=CCn1nc(C)cc1C(=O)Nc1cccc(C(=O)c2ccc3c(/C=C/c4ccccn4)n[nH]c3c2)c1,Ki,0.06,10.22,CHEMBL3881022,9,Inhibition of unphosphorylated human 50 residues truncated cytoplasmic domain of VEGFR2 E990V mutant expressed in baculovirus/insect expression system assessed as reduction in NADH oxidation using poly(E4Y1) as substrate by pyruvate kinase/lactate dehydrogenase coupled assay,CHEMBL3880421,,488.55,False,,none,approved_drugs.csv,1,1,1,0.06,0.06,KDR,P35968,CHEMBL279,"best literature ligand for this target, not a theoretical optimum; potency is the single most potent qualifying ChEMBL activity"
17,False,CHEMBL3891895,,Cc1cc(C(=O)Nc2cccc(C(=O)c3ccc4c(/C=C/c5ccccn5)n[nH]c4c3)c2)n(C)n1,Ki,0.06,10.22,CHEMBL3881022,9,Inhibition of unphosphorylated human 50 residues truncated cytoplasmic domain of VEGFR2 E990V mutant expressed in baculovirus/insect expression system assessed as reduction in NADH oxidation using poly(E4Y1) as substrate by pyruvate kinase/lactate dehydrogenase coupled assay,CHEMBL3880421,,462.51,False,,none,approved_drugs.csv,1,1,1,0.06,0.06,KDR,P35968,CHEMBL279,"best literature ligand for this target, not a theoretical optimum; potency is the single most potent qualifying ChEMBL activity"
18,False,CHEMBL195218,,CONC(=O)c1cc(Nc2ncnn3cc(NC(=O)OCCCS(C)(=O)=O)c(C(C)C)c23)c(F)cc1F,IC50,0.062,10.21,CHEMBL829507,9,Inhibition of human vascular endothelial growth factor receptor 2 (VEGFR-2),CHEMBL1144449,15943473,540.55,False,,none,approved_drugs.csv,2,2,1,0.062,31.031,KDR,P35968,CHEMBL279,"best literature ligand for this target, not a theoretical optimum; potency is the single most potent qualifying ChEMBL activity"
19,False,CHEMBL3984370,,O=C(c1cccc(NC(=O)c2cccc3[nH]ccc23)c1)c1ccc2c(/C=N/n3cccc3)n[nH]c2c1,Ki,0.062,10.21,CHEMBL3881022,9,Inhibition of unphosphorylated human 50 residues truncated cytoplasmic domain of VEGFR2 E990V mutant expressed in baculovirus/insect expression system assessed as reduction in NADH oxidation using poly(E4Y1) as substrate by pyruvate kinase/lactate dehydrogenase coupled assay,CHEMBL3880421,,472.51,False,,none,approved_drugs.csv,1,1,1,0.062,0.062,KDR,P35968,CHEMBL279,"best literature ligand for this target, not a theoretical optimum; potency is the single most potent qualifying ChEMBL activity"
20,False,CHEMBL3889841,,CN(c1cccc(NC(=O)c2ccccc2)c1)c1ccc2c(/C=C/c3ccc4c(c3)OCO4)n[nH]c2c1,Ki,0.08,10.10,CHEMBL3881022,9,Inhibition of unphosphorylated human 50 residues truncated cytoplasmic domain of VEGFR2 E990V mutant expressed in baculovirus/insect expression system assessed as reduction in NADH oxidation using poly(E4Y1) as substrate by pyruvate kinase/lactate dehydrogenase coupled assay,CHEMBL3880421,,488.55,False,,none,approved_drugs.csv,1,1,1,0.08,0.08,KDR,P35968,CHEMBL279,"best literature ligand for this target, not a theoretical optimum; potency is the single most potent qualifying ChEMBL activity"
21,False,CHEMBL3954818,,CCn1nc(C)cc1C(=O)Nc1cccc(Oc2ccc3c(/C=C/c4c[nH]cn4)n[nH]c3c2)c1,Ki,0.08,10.10,CHEMBL3881022,9,Inhibition of unphosphorylated human 50 residues truncated cytoplasmic domain of VEGFR2 E990V mutant expressed in baculovirus/insect expression system assessed as reduction in NADH oxidation using poly(E4Y1) as substrate by pyruvate kinase/lactate dehydrogenase coupled assay,CHEMBL3880421,,453.51,False,,none,approved_drugs.csv,1,1,1,0.08,0.08,KDR,P35968,CHEMBL279,"best literature ligand for this target, not a theoretical optimum; potency is the single most potent qualifying ChEMBL activity"
22,False,CHEMBL3912174,,COc1cc(C(=O)Nc2cccc(C(=O)c3ccc4c(/C=C/c5ccccn5)n[nH]c4c3)c2)cc(Cl)n1,Ki,0.08,10.10,CHEMBL3881022,9,Inhibition of unphosphorylated human 50 residues truncated cytoplasmic domain of VEGFR2 E990V mutant expressed in baculovirus/insect expression system assessed as reduction in NADH oxidation using poly(E4Y1) as substrate by pyruvate kinase/lactate dehydrogenase coupled assay,CHEMBL3880421,,509.95,False,,none,approved_drugs.csv,1,1,1,0.08,0.08,KDR,P35968,CHEMBL279,"best literature ligand for this target, not a theoretical optimum; potency is the single most potent qualifying ChEMBL activity"
23,False,CHEMBL2180604,TAK-593,Cc1cc(C(=O)Nc2cc(Oc3ccc4nc(NC(=O)C5CC5)cn4n3)ccc2C)n(C)n1,IC50,0.093,10.03,CHEMBL2353609,9,Inhibition of VEGFR2 (unknown origin) using biotinylated poly(Glu:Tyr) as substrate after 60 mins by AlphaScreen assay in presence of 1000 uM of ATP,CHEMBL2346507,23498918,445.48,False,,none,approved_drugs.csv,4,4,2,0.093,0.95,KDR,P35968,CHEMBL279,"best literature ligand for this target, not a theoretical optimum; potency is the single most potent qualifying ChEMBL activity"
24,False,CHEMBL3894732,,O=C(c1cccc(NC(=O)c2cccc3[nH]ccc23)c1)c1ccc2c(/C=C/c3ccccn3)n[nH]c2c1,Ki,0.093,10.03,CHEMBL3881022,9,Inhibition of unphosphorylated human 50 residues truncated cytoplasmic domain of VEGFR2 E990V mutant expressed in baculovirus/insect expression system assessed as reduction in NADH oxidation using poly(E4Y1) as substrate by pyruvate kinase/lactate dehydrogenase coupled assay,CHEMBL3880421,,483.53,False,,none,approved_drugs.csv,1,1,1,0.093,0.093,KDR,P35968,CHEMBL279,"best literature ligand for this target, not a theoretical optimum; potency is the single most potent qualifying ChEMBL activity"
25,False,CHEMBL3891135,,Cc1cc(C(=O)Nc2cccc(C(=O)c3ccc4c(/C=C/c5ccccn5)n[nH]c4c3)c2)n[nH]1,Ki,0.1,10.00,CHEMBL3881022,9,Inhibition of unphosphorylated human 50 residues truncated cytoplasmic domain of VEGFR2 E990V mutant expressed in baculovirus/insect expression system assessed as reduction in NADH oxidation using poly(E4Y1) as substrate by pyruvate kinase/lactate dehydrogenase coupled assay,CHEMBL3880421,,448.49,False,,none,approved_drugs.csv,1,1,1,0.1,0.1,KDR,P35968,CHEMBL279,"best literature ligand for this target, not a theoretical optimum; potency is the single most potent qualifying ChEMBL activity"
26,False,CHEMBL3959357,,O=C(Nc1cccc(Oc2ccc3c(/C=C/c4c[nH]cn4)n[nH]c3c2)c1)c1ccccc1,Ki,0.1,,CHEMBL3881022,9,Inhibition of unphosphorylated human 50 residues truncated cytoplasmic domain of VEGFR2 E990V mutant expressed in baculovirus/insect expression system assessed as reduction in NADH oxidation using poly(E4Y1) as substrate by pyruvate kinase/lactate dehydrogenase coupled assay,CHEMBL3880421,,421.46,False,,none,approved_drugs.csv,1,1,1,0.1,0.1,KDR,P35968,CHEMBL279,"best literature ligand for this target, not a theoretical optimum; potency is the single most potent qualifying ChEMBL activity"
27,False,CHEMBL3949546,,Cc1cc(C(=O)Nc2cccc(Oc3ccc4c(/C=C/c5ccccn5)n[nH]c4c3)c2)nn1C,Ki,0.1,,CHEMBL3881022,9,Inhibition of unphosphorylated human 50 residues truncated cytoplasmic domain of VEGFR2 E990V mutant expressed in baculovirus/insect expression system assessed as reduction in NADH oxidation using poly(E4Y1) as substrate by pyruvate kinase/lactate dehydrogenase coupled assay,CHEMBL3880421,,450.5,False,,none,approved_drugs.csv,1,1,1,0.1,0.1,KDR,P35968,CHEMBL279,"best literature ligand for this target, not a theoretical optimum; potency is the single most potent qualifying ChEMBL activity"
28,False,CHEMBL3904637,,CS(=O)(=O)c1ccc(C(=O)Nc2cccc(Oc3ccc4c(/C=C/c5ccccn5)n[nH]c4c3)c2)s1,Ki,0.1,,CHEMBL3881022,9,Inhibition of unphosphorylated human 50 residues truncated cytoplasmic domain of VEGFR2 E990V mutant expressed in baculovirus/insect expression system assessed as reduction in NADH oxidation using poly(E4Y1) as substrate by pyruvate kinase/lactate dehydrogenase coupled assay,CHEMBL3880421,,516.6,False,,none,approved_drugs.csv,1,1,1,0.1,0.1,KDR,P35968,CHEMBL279,"best literature ligand for this target, not a theoretical optimum; potency is the single most potent qualifying ChEMBL activity"
29,False,CHEMBL5557999,,Cc1cc(C)nc(NS(=O)(=O)c2ccc(/N=N/c3ccc(C4=NCC(=O)N(C)c5ccc(Cl)cc54)cc3)cc2)n1,IC50,0.1,10.00,CHEMBL5503208,9,"Inhibition of VEGFR2 (unknown origin) using Poly-(Glu,Tyr 4:1) peptide as substrate incubated for 1 hr by ELISA method",CHEMBL5500383,38728867,574.07,False,,none,approved_drugs.csv,1,1,1,0.1,0.1,KDR,P35968,CHEMBL279,"best literature ligand for this target, not a theoretical optimum; potency is the single most potent qualifying ChEMBL activity"
30,False,CHEMBL3959310,,O=C(c1cccc(NC(=O)c2ccccn2)c1)c1ccc2c(/C=C/c3ccccn3)n[nH]c2c1,Ki,0.11,9.96,CHEMBL3881022,9,Inhibition of unphosphorylated human 50 residues truncated cytoplasmic domain of VEGFR2 E990V mutant expressed in baculovirus/insect expression system assessed as reduction in NADH oxidation using poly(E4Y1) as substrate by pyruvate kinase/lactate dehydrogenase coupled assay,CHEMBL3880421,,445.48,False,,none,approved_drugs.csv,1,1,1,0.11,0.11,KDR,P35968,CHEMBL279,"best literature ligand for this target, not a theoretical optimum; potency is the single most potent qualifying ChEMBL activity"
31,False,CHEMBL3978730,,O=C(Cc1cc(F)cc(F)c1)Nc1cccc(C(=O)c2ccc3c(/C=C/c4ccccn4)n[nH]c3c2)c1,Ki,0.11,9.96,CHEMBL3881022,9,Inhibition of unphosphorylated human 50 residues truncated cytoplasmic domain of VEGFR2 E990V mutant expressed in baculovirus/insect expression system assessed as reduction in NADH oxidation using poly(E4Y1) as substrate by pyruvate kinase/lactate dehydrogenase coupled assay,CHEMBL3880421,,494.5,False,,none,approved_drugs.csv,1,1,1,0.11,0.11,KDR,P35968,CHEMBL279,"best literature ligand for this target, not a theoretical optimum; potency is the single most potent qualifying ChEMBL activity"
32,False,CHEMBL3967940,,O=C(NCc1cccc(F)c1)c1ccccc1Sc1ccc2c(/C=C/c3ccccn3)n[nH]c2c1,Ki,0.11,9.96,CHEMBL3881022,9,Inhibition of unphosphorylated human 50 residues truncated cytoplasmic domain of VEGFR2 E990V mutant expressed in baculovirus/insect expression system assessed as reduction in NADH oxidation using poly(E4Y1) as substrate by pyruvate kinase/lactate dehydrogenase coupled assay,CHEMBL3880421,,480.57,False,,none,approved_drugs.csv,1,1,1,0.11,0.11,KDR,P35968,CHEMBL279,"best literature ligand for this target, not a theoretical optimum; potency is the single most potent qualifying ChEMBL activity"
33,False,CHEMBL3960830,,CONC(=O)c1ccccc1Sc1ccc2c(/C=C/c3ccccn3)n[nH]c2c1,Ki,0.11,9.96,CHEMBL3881022,9,Inhibition of unphosphorylated human 50 residues truncated cytoplasmic domain of VEGFR2 E990V mutant expressed in baculovirus/insect expression system assessed as reduction in NADH oxidation using poly(E4Y1) as substrate by pyruvate kinase/lactate dehydrogenase coupled assay,CHEMBL3880421,,402.48,False,,none,approved_drugs.csv,1,1,1,0.11,0.11,KDR,P35968,CHEMBL279,"best literature ligand for this target, not a theoretical optimum; potency is the single most potent qualifying ChEMBL activity"
34,False,CHEMBL5186748,,CNC(=O)c1cc(Oc2ccc(NC(=O)c3nn(-c4ccc(Cl)cc4)cc(C)c3=O)cc2)ccn1,IC50,0.12,9.92,CHEMBL5104356,9,Inhibition of VEGFR2 (unknown origin) using ULight-4E-BP1 peptide as substrate incubated for 1 hr in presence of ATP by fluorescence based analysis,CHEMBL5104091,33129590,489.92,False,,none,approved_drugs.csv,1,1,1,0.12,0.12,KDR,P35968,CHEMBL279,"best literature ligand for this target, not a theoretical optimum; potency is the single most potent qualifying ChEMBL activity"
35,False,CHEMBL363042,,CCCCCCCCCCn1cc2c(N)ncnc2n1,Ki,0.13,9.89,CHEMBL1686402,9,Inhibition of human recombinant His-tagged VEGFR2 assessed as infrared absorption,CHEMBL1681679,21306896,275.4,False,,none,approved_drugs.csv,1,1,1,0.13,0.13,KDR,P35968,CHEMBL279,"best literature ligand for this target, not a theoretical optimum; potency is the single most potent qualifying ChEMBL activity"
36,False,CHEMBL3930485,,CCn1nc(C)cc1C(=O)Nc1cc(C(=O)c2ccc3c(/C=C/c4ccccn4)n[nH]c3c2)ccc1C,Ki,0.13,9.89,CHEMBL3881022,9,Inhibition of unphosphorylated human 50 residues truncated cytoplasmic domain of VEGFR2 E990V mutant expressed in baculovirus/insect expression system assessed as reduction in NADH oxidation using poly(E4Y1) as substrate by pyruvate kinase/lactate dehydrogenase coupled assay,CHEMBL3880421,,490.57,False,,none,approved_drugs.csv,1,1,1,0.13,0.13,KDR,P35968,CHEMBL279,"best literature ligand for this target, not a theoretical optimum; potency is the single most potent qualifying ChEMBL activity"
37,False,CHEMBL3093581,,O=C(Nc1ccc(Oc2ccc3nc(NC(=O)C4CC4)cn3c2)c(F)c1)c1cccn(-c2ccccc2)c1=O,IC50,0.14,9.85,CHEMBL3094546,9,Inhibition of N-terminal FLAG-tagged VEGFR2 cytoplasmic domain (790 to 1356) (unknown origin) expressed in baculovirus expression system using biotinylated poly-GluTyr (4:1) as substrate preincubated for 60 mins followed by 1000 uM of ATP addition measured after 10 mins by AlphaScreen assay,CHEMBL3091368,24216091,523.52,False,,none,approved_drugs.csv,3,3,1,0.14,1.3,KDR,P35968,CHEMBL279,"best literature ligand for this target, not a theoretical optimum; potency is the single most potent qualifying ChEMBL activity"
38,False,CHEMBL3586072,,CNC(=O)c1ccc(-c2ccc(NC(=O)Nc3cc(Br)cc(C(F)(F)F)c3)cc2)cn1,IC50,0.14,9.85,CHEMBL3587278,9,Inhibition of VEGFR-2 (unknown origin) after 1 hr by ADP-Glo assay,CHEMBL3585346,25982075,493.28,False,,none,approved_drugs.csv,1,1,1,0.14,0.14,KDR,P35968,CHEMBL279,"best literature ligand for this target, not a theoretical optimum; potency is the single most potent qualifying ChEMBL activity"
39,False,CHEMBL3972140,,O=C(Nc1cccc(Cl)c1)c1ccccc1Sc1ccc2c(/C=C/c3ccccn3)n[nH]c2c1,Ki,0.14,9.85,CHEMBL3881022,9,Inhibition of unphosphorylated human 50 residues truncated cytoplasmic domain of VEGFR2 E990V mutant expressed in baculovirus/insect expression system assessed as reduction in NADH oxidation using poly(E4Y1) as substrate by pyruvate kinase/lactate dehydrogenase coupled assay,CHEMBL3880421,,483.0,False,,none,approved_drugs.csv,1,1,1,0.14,0.14,KDR,P35968,CHEMBL279,"best literature ligand for this target, not a theoretical optimum; potency is the single most potent qualifying ChEMBL activity"
40,False,CHEMBL3586071,,CNC(=O)c1cc(-c2ccc(NC(=O)Nc3ccc(Cl)c(C(F)(F)F)c3)cc2)ccn1,IC50,0.15,9.82,CHEMBL3587278,9,Inhibition of VEGFR-2 (unknown origin) after 1 hr by ADP-Glo assay,CHEMBL3585346,25982075,448.83,False,,none,approved_drugs.csv,1,1,1,0.15,0.15,KDR,P35968,CHEMBL279,"best literature ligand for this target, not a theoretical optimum; potency is the single most potent qualifying ChEMBL activity"
41,False,CHEMBL3938388,,Cc1cccc(C(=O)Nc2cccc(Oc3ccc4c(-c5cc6ccccc6[nH]5)n[nH]c4c3)c2)c1,Ki,0.15,9.82,CHEMBL3881024,9,Inhibition of human 50 residues truncated cytoplasmic domain of phosphorylated VEGFR2 E990V mutant expressed in baculovirus/insect expression system assessed as reduction in NADH oxidation using poly(E4Y1) as substrate by pyruvate kinase/lactate dehydrogenase coupled assay,CHEMBL3880421,,458.52,False,,none,approved_drugs.csv,1,1,1,0.15,0.15,KDR,P35968,CHEMBL279,"best literature ligand for this target, not a theoretical optimum; potency is the single most potent qualifying ChEMBL activity"
42,False,CHEMBL1289494,TIVOZANIB,COc1cc2nccc(Oc3ccc(NC(=O)Nc4cc(C)on4)c(Cl)c3)c2cc1OC,IC50,0.16,9.80,CHEMBL1292980,8,Inhibition of recombinant VEGFR2 after 1 hr by fluorescence polarization assay,CHEMBL1287660,20869793,454.87,True,tivozanib,inchikey_exact,approved_drugs.csv,7,7,6,0.16,2.14,KDR,P35968,CHEMBL279,"best literature ligand for this target, not a theoretical optimum; potency is the single most potent qualifying ChEMBL activity"
43,False,CHEMBL238737,,Cc1cc(NC(=O)c2c(NCc3ccncc3)ncn2C)ccc1C(F)(F)F,Ki,0.16,9.80,CHEMBL885903,8,Inhibition of VEGFR2 by [32P]ATP-competitive radioassay,CHEMBL1139078,17188873,389.38,False,,none,approved_drugs.csv,2,2,1,0.16,32.08,KDR,P35968,CHEMBL279,"best literature ligand for this target, not a theoretical optimum; potency is the single most potent qualifying ChEMBL activity"
44,False,CHEMBL401040,,Cn1ncc(NCc2ccncc2)c1C(=O)Nc1ccc(OC(F)(F)F)cc1,Ki,0.17,9.77,CHEMBL885903,8,Inhibition of VEGFR2 by [32P]ATP-competitive radioassay,CHEMBL1139078,17188873,391.35,False,,none,approved_drugs.csv,2,2,1,0.17,32.085,KDR,P35968,CHEMBL279,"best literature ligand for this target, not a theoretical optimum; potency is the single most potent qualifying ChEMBL activity"
45,False,CHEMBL3956824,,O=C(c1cccc(NC(=O)c2cccc3[nH]ccc23)c1)c1ccc2c(/C=C/c3ccccc3)n[nH]c2c1,Ki,0.18,9.74,CHEMBL3881022,9,Inhibition of unphosphorylated human 50 residues truncated cytoplasmic domain of VEGFR2 E990V mutant expressed in baculovirus/insect expression system assessed as reduction in NADH oxidation using poly(E4Y1) as substrate by pyruvate kinase/lactate dehydrogenase coupled assay,CHEMBL3880421,,482.54,False,,none,approved_drugs.csv,1,1,1,0.18,0.18,KDR,P35968,CHEMBL279,"best literature ligand for this target, not a theoretical optimum; potency is the single most potent qualifying ChEMBL activity"
46,False,CHEMBL2348996,,Cc1cc(C(=O)Nc2cccc(Oc3ccc4nc(NC(=O)C5CC5)cn4n3)c2)n(C)n1,IC50,0.19,9.72,CHEMBL2353609,9,Inhibition of VEGFR2 (unknown origin) using biotinylated poly(Glu:Tyr) as substrate after 60 mins by AlphaScreen assay in presence of 1000 uM of ATP,CHEMBL2346507,23498918,431.46,False,,none,approved_drugs.csv,4,4,2,0.19,1.4,KDR,P35968,CHEMBL279,"best literature ligand for this target, not a theoretical optimum; potency is the single most potent qualifying ChEMBL activity"
47,False,CHEMBL5399711,,COc1cc(-c2cc(-c3ccc4ccccc4c3)nc(NN)c2C#N)ccc1O,IC50,0.19,9.72,CHEMBL5380326,9,Inhibition of VEGFR-2 (unknown origin) kinase activity using poly(Glu-Tyr) at 4:1 ratio as substrate in presence of ATP incubated for 1 hr by ELISA,CHEMBL5376014,38389872,382.42,False,,none,approved_drugs.csv,2,2,2,0.19,0.19,KDR,P35968,CHEMBL279,"best literature ligand for this target, not a theoretical optimum; potency is the single most potent qualifying ChEMBL activity"
48,False,CHEMBL5403470,,COc1cc2c(Oc3ccc(NC(=O)Nc4ccc(C)c(F)c4)c(Cl)c3)ncnc2cc1OCCCN1CCCC1,IC50,0.19,9.72,CHEMBL5328005,9,Inhibition of VEGFR2 (unknown origin),CHEMBL5325476,37429211,580.06,False,,none,approved_drugs.csv,1,1,1,0.19,0.19,KDR,P35968,CHEMBL279,"best literature ligand for this target, not a theoretical optimum; potency is the single most potent qualifying ChEMBL activity"
49,False,CHEMBL411630,,COc1cc2nccc(Oc3ccc4c(c3)OCCN4C(=O)Nc3ccc(C)cc3)c2cc1OC,IC50,0.1995,9.70,CHEMBL1244602,9,Inhibition of human VEGFR2 after 60 mins,CHEMBL1240342,19081278,471.51,False,,none,approved_drugs.csv,2,2,2,0.1995,0.19975,KDR,P35968,CHEMBL279,"best literature ligand for this target, not a theoretical optimum; potency is the single most potent qualifying ChEMBL activity"
50,False,CHEMBL409538,,COc1cc2nccc(Oc3ccc4c(C(=O)Nc5ccon5)cccc4c3)c2cc1OC,IC50,0.1995,9.70,CHEMBL1244602,9,Inhibition of human VEGFR2 after 60 mins,CHEMBL1240342,19081278,441.44,False,,none,approved_drugs.csv,2,2,2,0.1995,0.19975,KDR,P35968,CHEMBL279,"best literature ligand for this target, not a theoretical optimum; potency is the single most potent qualifying ChEMBL activity"
