struct_id,name,smiles,inchikey,approved,approval_agencies,first_approval,chembl_max_phase4,n_targets,targets,moa_targets,flags,source,source_url,withdrawn,chembl_id,molecule_type,chembl_max_phase,approval_basis,target_evidence,notes
900000,"3,3',4',5-tetrachlorosalicylanilide",O=C(Nc1ccc(Cl)c(Cl)c1)c1cc(Cl)cc(Cl)c1O,SJQBHPJLLIJASD-UHFFFAOYSA-N,1,,,1,0,,,,ChEMBL 36 REST API,https://www.ebi.ac.uk/chembl/api/data/molecule/CHEMBL291338.json,1,CHEMBL291338,Small molecule,4.0,chembl_max_phase_4,,
900001,abiraterone,C[C@]12CC[C@H](O)CC1=CC[C@@H]1[C@@H]2CC[C@]2(C)C(c3cccnc3)=CC[C@@H]12,GZOSMCIZMLWJML-VJLLXTKPSA-N,1,,,1,5,AR;CYP17A1;SRD5A1;SRD5A2;SRD5A3,AR;CYP17A1;SRD5A1;SRD5A2;SRD5A3,,ChEMBL 36 REST API,https://www.ebi.ac.uk/chembl/api/data/molecule/CHEMBL254328.json,0,CHEMBL254328,Small molecule,4.0,chembl_max_phase_4,"chembl_mechanism;chembl_pchembl>=6,n>=2",
900002,abrocitinib,CCCS(=O)(=O)N[C@H]1C[C@@H](N(C)c2ncnc3[nH]ccc23)C1,IUEWXNHSKRWHDY-PHIMTYICSA-N,1,,2021,1,4,JAK1;JAK2;JAK3;TYK2,JAK1,,ChEMBL 36 REST API,https://www.ebi.ac.uk/chembl/api/data/molecule/CHEMBL3655081.json,0,CHEMBL3655081,Small molecule,4.0,chembl_max_phase_4,"chembl_mechanism;chembl_pchembl>=6,n>=2",
900003,acoramidis,Cc1n[nH]c(C)c1CCCOc1cc(C(=O)O)ccc1F,WBFUHHBPNXWNCC-UHFFFAOYSA-N,1,,2024,1,1,TTR,TTR,dup_parent_inchikey,ChEMBL 36 REST API,https://www.ebi.ac.uk/chembl/api/data/molecule/CHEMBL3940890.json,0,CHEMBL3940890,Small molecule,4.0,chembl_max_phase_4,"chembl_mechanism;chembl_pchembl>=6,n>=2",same parent structure as: ACORAMIDIS HYDROCHLORIDE (CHEMBL4650226)
900004,adagrasib,C=C(F)C(=O)N1CCN(c2nc(OC[C@@H]3CCCN3C)nc3c2CCN(c2cccc4cccc(Cl)c24)C3)C[C@@H]1CC#N,PEMUGDMSUDYLHU-ZEQRLZLVSA-N,1,,2022,1,2,KRAS;VHL,KRAS,,ChEMBL 36 REST API,https://www.ebi.ac.uk/chembl/api/data/molecule/CHEMBL4594350.json,0,CHEMBL4594350,Small molecule,4.0,chembl_max_phase_4,"chembl_mechanism;chembl_pchembl>=6,n>=2",
900005,aluminum chloride anhydrous,[Cl][Al]([Cl])[Cl],VSCWAEJMTAWNJL-UHFFFAOYSA-K,1,,,1,0,,,inorganic,ChEMBL 36 REST API,https://www.ebi.ac.uk/chembl/api/data/molecule/CHEMBL3833401.json,0,CHEMBL3833401,Small molecule,4.0,chembl_max_phase_4,,
900006,amoproxan,COc1cc(C(=O)OC(COCCC(C)C)CN2CCOCC2)cc(OC)c1OC,YOKPRDAUBGOISU-UHFFFAOYSA-N,1,,,1,0,,,,ChEMBL 36 REST API,https://www.ebi.ac.uk/chembl/api/data/molecule/CHEMBL2104537.json,1,CHEMBL2104537,Small molecule,4.0,chembl_max_phase_4,,
900007,aprocitentan,NS(=O)(=O)Nc1ncnc(OCCOc2ncc(Br)cn2)c1-c1ccc(Br)cc1,DKULOVKANLVDEA-UHFFFAOYSA-N,1,,2024,1,2,EDNRA;EDNRB,EDNRA;EDNRB,,ChEMBL 36 REST API,https://www.ebi.ac.uk/chembl/api/data/molecule/CHEMBL2165326.json,0,CHEMBL2165326,Small molecule,4.0,chembl_max_phase_4,"chembl_mechanism;chembl_pchembl>=6,n>=2",
900008,arimoclomol,[O-][n+]1cccc(/C(Cl)=N/OC[C@H](O)CN2CCCCC2)c1,SGEIEGAXKLMUIZ-XUVDNFPMSA-N,1,,2024,1,0,,,dup_parent_inchikey,ChEMBL 36 REST API,https://www.ebi.ac.uk/chembl/api/data/molecule/CHEMBL2107726.json,0,CHEMBL2107726,Small molecule,4.0,chembl_max_phase_4,,same parent structure as: ARIMOCLOMOL CITRATE (CHEMBL4298149)
900009,arsenic trioxide,O=[As][As+](=O)[O-],MOQADKPFYVWPSE-UHFFFAOYSA-N,1,,2000,1,1,TXNRD1,TXNRD1,inorganic,ChEMBL 36 REST API,https://www.ebi.ac.uk/chembl/api/data/molecule/CHEMBL5483015.json,0,CHEMBL5483015,Small molecule,4.0,chembl_max_phase_4,chembl_mechanism,
900010,asciminib,O=C(Nc1ccc(OC(F)(F)Cl)cc1)c1cnc(N2CC[C@@H](O)C2)c(-c2cc[nH]n2)c1,VOVZXURTCKPRDQ-CQSZACIVSA-N,1,,2021,1,2,ABL1;BCR,ABL1,dup_parent_inchikey,ChEMBL 36 REST API,https://www.ebi.ac.uk/chembl/api/data/molecule/CHEMBL4208229.json,0,CHEMBL4208229,Small molecule,4.0,chembl_max_phase_4,"chembl_mechanism;chembl_pchembl>=6,n>=2",same parent structure as: ASCIMINIB HYDROCHLORIDE (CHEMBL4297220)
900011,atogepant,C[C@@H]1[C@H](c2c(F)ccc(F)c2F)C[C@H](NC(=O)c2cnc3c(c2)C[C@@]2(C3)C(=O)Nc3ncccc32)C(=O)N1CC(F)(F)F,QIVUCLWGARAQIO-OLIXTKCUSA-N,1,,2021,1,1,CALCRL,CALCRL,,ChEMBL 36 REST API,https://www.ebi.ac.uk/chembl/api/data/molecule/CHEMBL3991065.json,0,CHEMBL3991065,Small molecule,4.0,chembl_max_phase_4,"chembl_mechanism;chembl_pchembl>=6,n>=2",
900012,auranofin,CC(=O)OC[C@H]1O[C@@H](S)[C@H](OC(C)=O)[C@@H](OC(C)=O)[C@@H]1OC(C)=O,SFOZKJGZNOBSHF-RGDJUOJXSA-N,1,,1985,1,0,,,multi_fragment;metal_stripped,PubChem PUG REST (name lookup; ChEMBL has no structure),"https://pubchem.ncbi.nlm.nih.gov/rest/pug/compound/cid/16667669/property/Title,SMILES/JSON",0,CHEMBL1366,Small molecule,4.0,chembl_max_phase_4,,no structure in ChEMBL; SMILES from PubChem CID 16667669 (Title: Auranofin; identity confirmed by pubchem_title_agrees)
900013,aurothioglucose,OC[C@H]1O[C@H](S)[C@H](O)[C@@H](O)[C@@H]1O,JUSMHIGDXPKSID-VFUOTHLCSA-N,1,,1940,1,1,SQOR,,multi_fragment;metal_stripped,PubChem PUG REST (name lookup; ChEMBL has no structure),"https://pubchem.ncbi.nlm.nih.gov/rest/pug/compound/cid/6104/property/Title,SMILES/JSON",0,CHEMBL1697725,Small molecule,4.0,chembl_max_phase_4,"chembl_pchembl>=6,n>=2",no structure in ChEMBL; SMILES from PubChem CID 6104 (Title: Aurothioglucose; identity confirmed by pubchem_title_agrees)
900014,avacopan,Cc1ccc(NC(=O)[C@H]2CCCN(C(=O)c3c(C)cccc3F)[C@H]2c2ccc(NC3CCCC3)cc2)cc1C(F)(F)F,PUKBOVABABRILL-YZNIXAGQSA-N,1,,2021,1,1,C5AR1,C5AR1,,ChEMBL 36 REST API,https://www.ebi.ac.uk/chembl/api/data/molecule/CHEMBL3989871.json,0,CHEMBL3989871,Small molecule,4.0,chembl_max_phase_4,chembl_mechanism,
900015,bacitracin,CC[C@H](C)[C@H](N)C1=N[C@H](C(=O)N[C@@H](CC(C)C)C(=O)N[C@H](CCC(=O)O)C(=O)N[C@H](C(=O)N[C@H]2CCCCNC(=O)[C@H](CC(N)=O)NC(=O)[C@@H](CC(=O)O)NC(=O)[C@H](Cc3cnc[nH]3)NC(=O)[C@@H](Cc3ccccc3)NC(=O)[C@H]([C@@H](C)CC)NC(=O)[C@@H](CCCN)NC2=O)[C@@H](C)CC)CS1,CLKOFPXJLQSYAH-ABRJDSQDSA-N,1,,1948,1,0,,,dup_parent_inchikey,ChEMBL 36 REST API,https://www.ebi.ac.uk/chembl/api/data/molecule/CHEMBL1200558.json,0,CHEMBL1200558,Protein,4.0,chembl_max_phase_4,,same parent structure as: BACITRACIN ZINC (CHEMBL2096639)
900016,belumosudil,CC(C)NC(=O)COc1cccc(-c2nc(Nc3ccc4[nH]ncc4c3)c3ccccc3n2)c1,GKHIVNAUVKXIIY-UHFFFAOYSA-N,1,,2021,1,1,ROCK2,ROCK2,dup_parent_inchikey,ChEMBL 36 REST API,https://www.ebi.ac.uk/chembl/api/data/molecule/CHEMBL2005186.json,0,CHEMBL2005186,Small molecule,4.0,chembl_max_phase_4,"chembl_mechanism;chembl_pchembl>=6,n>=2",same parent structure as: BELUMOSUDIL MESYLATE (CHEMBL4802130)
900017,belzutifan,CS(=O)(=O)c1ccc(Oc2cc(F)cc(C#N)c2)c2c1[C@H](O)[C@H](F)[C@@H]2F,LOMMPXLFBTZENJ-ZACQAIPSSA-N,1,,2021,1,1,EPAS1,EPAS1,,ChEMBL 36 REST API,https://www.ebi.ac.uk/chembl/api/data/molecule/CHEMBL4585668.json,0,CHEMBL4585668,Small molecule,4.0,chembl_max_phase_4,"chembl_mechanism;chembl_pchembl>=6,n>=2",
900018,benzgalantamine,COc1ccc2c3c1O[C@H]1C[C@@H](OC(=O)c4ccccc4)C=C[C@@]31CCN(C)C2,JKVNJTYHRABHIY-WXVUKLJWSA-N,1,,2024,1,0,,,dup_parent_inchikey,ChEMBL 36 REST API,https://www.ebi.ac.uk/chembl/api/data/molecule/CHEMBL5095056.json,0,CHEMBL5095056,Small molecule,4.0,chembl_max_phase_4,,same parent structure as: BENZGALANTAMINE GLUCONATE (CHEMBL6068431)
900019,benzhydrocodone hydrochloride,COc1ccc2c3c1O[C@H]1C(OC(=O)c4ccccc4)=CC[C@@H]4[C@@H](C2)N(C)CC[C@@]341,VPMRSLWWUXNYRY-NDOYXKHWSA-N,1,,2018,1,3,OPRD1;OPRK1;OPRM1,OPRD1;OPRK1;OPRM1,multi_fragment;dup_parent_inchikey,ChEMBL 36 REST API,https://www.ebi.ac.uk/chembl/api/data/molecule/CHEMBL3137310.json,0,CHEMBL3137310,Small molecule,4.0,chembl_max_phase_4,chembl_mechanism,same parent structure as: BENZHYDROCODONE (CHEMBL3137321)
900020,benzonatate,CCCCNc1ccc(C(=O)OCCOCCOCCOCCOCCOCCOCCOCCOCCOC)cc1,MAFMQEKGGFWBAB-UHFFFAOYSA-N,1,,1958,1,0,,,,ChEMBL 36 REST API,https://www.ebi.ac.uk/chembl/api/data/molecule/CHEMBL1374379.json,0,CHEMBL1374379,Small molecule,4.0,chembl_max_phase_4,,
900021,berberine,COc1ccc2cc3[n+](cc2c1OC)CCc1cc2c(cc1-3)OCO2,YBHILYKTIRIUTE-UHFFFAOYSA-N,1,,,1,3,ACHE;CYP1B1;PPARA,,charged_parent,ChEMBL 36 REST API,https://www.ebi.ac.uk/chembl/api/data/molecule/CHEMBL295124.json,1,CHEMBL295124,Small molecule,4.0,chembl_max_phase_4,"chembl_pchembl>=6,n>=2",
900022,bexagliflozin,OC[C@H]1O[C@@H](c2ccc(Cl)c(Cc3ccc(OCCOC4CC4)cc3)c2)[C@H](O)[C@@H](O)[C@@H]1O,BTCRKOKVYTVOLU-SJSRKZJXSA-N,1,,2023,1,1,SLC5A2,SLC5A2,,ChEMBL 36 REST API,https://www.ebi.ac.uk/chembl/api/data/molecule/CHEMBL1808388.json,0,CHEMBL1808388,Small molecule,4.0,chembl_max_phase_4,"chembl_mechanism;chembl_pchembl>=6,n>=2",
900023,bismuth subgallate,O=C(O)c1cc(O)c(O)c(O)c1,LNTHITQWFMADLM-UHFFFAOYSA-N,1,,,1,0,,,multi_fragment;metal_stripped,PubChem PUG REST (name lookup; ChEMBL has no structure),"https://pubchem.ncbi.nlm.nih.gov/rest/pug/compound/cid/73415769/property/Title,SMILES/JSON",1,CHEMBL1592101,Small molecule,4.0,chembl_max_phase_4,,no structure in ChEMBL; SMILES from PubChem CID 73415769 (Title: Bismuth Subgallate; identity confirmed by pubchem_title_agrees)
900024,bortezomib d-mannitol,CC(C)C[C@H](NC(=O)[C@H](Cc1ccccc1)NC(=O)c1cnccn1)B1O[C@H]([C@H](O)CO)[C@@H]([C@H](O)CO)O1,QDMRNLRJDHCHLB-DNNBANOASA-N,1,,2003,1,38,ADRM1;PSMA1;PSMA2;PSMA3;PSMA4;PSMA5;PSMA6;PSMA7;PSMA8;PSMB1;PSMB10;PSMB11;PSMB2;PSMB3;PSMB4;PSMB5;PSMB6;PSMB7;PSMB8;PSMB9;PSMC1;PSMC2;PSMC3;PSMC4;PSMC5;PSMC6;PSMD1;PSMD11;PSMD12;PSMD13;PSMD14;PSMD2;PSMD3;PSMD4;PSMD6;PSMD7;PSMD8;SEM1,ADRM1;PSMA1;PSMA2;PSMA3;PSMA4;PSMA5;PSMA6;PSMA7;PSMA8;PSMB1;PSMB10;PSMB11;PSMB2;PSMB3;PSMB4;PSMB5;PSMB6;PSMB7;PSMB8;PSMB9;PSMC1;PSMC2;PSMC3;PSMC4;PSMC5;PSMC6;PSMD1;PSMD11;PSMD12;PSMD13;PSMD14;PSMD2;PSMD3;PSMD4;PSMD6;PSMD7;PSMD8;SEM1,,ChEMBL 36 REST API,https://www.ebi.ac.uk/chembl/api/data/molecule/CHEMBL5315122.json,0,CHEMBL5315122,Small molecule,4.0,chembl_max_phase_4,chembl_mechanism,
900025,brincidofovir,CCCCCCCCCCCCCCCCOCCCOP(=O)(O)CO[C@H](CO)Cn1ccc(N)nc1=O,WXJFKKQWPMNTIM-VWLOTQADSA-N,1,,2021,1,0,,,,ChEMBL 36 REST API,https://www.ebi.ac.uk/chembl/api/data/molecule/CHEMBL203321.json,0,CHEMBL203321,Small molecule,4.0,chembl_max_phase_4,,
900026,calcium,[Ca],OYPRJOBELJOOCE-UHFFFAOYSA-N,1,,1982,1,0,,,inorganic;element,ChEMBL 36 REST API,https://www.ebi.ac.uk/chembl/api/data/molecule/CHEMBL1200496.json,0,CHEMBL1200496,Small molecule,4.0,chembl_max_phase_4,,
900027,calcium chloride,[Ca+2],BHPQYMZQTOCNFJ-UHFFFAOYSA-N,1,,1982,1,0,,,multi_fragment;inorganic;element;charged_parent,ChEMBL 36 REST API,https://www.ebi.ac.uk/chembl/api/data/molecule/CHEMBL1200668.json,0,CHEMBL1200668,Small molecule,4.0,chembl_max_phase_4,,
900028,calcium glubionate,O=C(O)[C@H](O)[C@@H](O)[C@H](O[C@@H]1O[C@H](CO)[C@H](O)[C@H](O)[C@H]1O)[C@H](O)CO,JYTUSYBCFIZPBE-AMTLMPIISA-N,1,,,1,0,,,multi_fragment;metal_stripped;dup_parent_inchikey,ChEMBL 36 REST API,https://www.ebi.ac.uk/chembl/api/data/molecule/CHEMBL2104594.json,0,CHEMBL2104594,Small molecule,4.0,chembl_max_phase_4,,same parent structure as: CALCIUM GLUBIONATE ANHYDROUS (CHEMBL2219740)
900029,calcium gluceptate,O=C(O)C(O)[C@H](O)[C@@H](O)[C@H](O)[C@H](O)CO,KWMLJOLKUYYJFJ-GASJEMHNSA-N,1,,1982,1,0,,,multi_fragment;metal_stripped,ChEMBL 36 REST API,https://www.ebi.ac.uk/chembl/api/data/molecule/CHEMBL1237066.json,0,CHEMBL1237066,Small molecule,4.0,chembl_max_phase_4,,
900030,cantharidin,C[C@@]12C(=O)OC(=O)[C@]1(C)[C@H]1CC[C@@H]2O1,DHZBEENLJMYSHQ-XCVPVQRUSA-N,1,,2023,1,0,,,,ChEMBL 36 REST API,https://www.ebi.ac.uk/chembl/api/data/molecule/CHEMBL48449.json,0,CHEMBL48449,Small molecule,4.0,chembl_max_phase_4,,
900031,capivasertib,NC1(C(=O)N[C@@H](CCO)c2ccc(Cl)cc2)CCN(c2nc[nH]c3nccc2-3)CC1,JDUBGYFRJFOXQC-KRWDZBQOSA-N,1,,2023,1,4,AKT1;AKT2;AKT3;ROCK2,AKT1;AKT2;AKT3,,ChEMBL 36 REST API,https://www.ebi.ac.uk/chembl/api/data/molecule/CHEMBL2325741.json,0,CHEMBL2325741,Small molecule,4.0,chembl_max_phase_4,"chembl_mechanism;chembl_pchembl>=6,n>=2",
900032,capreomycin sulfate,N=C1NCCC([C@@H]2NC(=O)/C(=C/NC(N)=O)NC(=O)[C@H](CNC(=O)CC(N)CCCN)NC(=O)[C@H](CO)NC(=O)[C@@H](N)CNC2=O)N1,JNIIDKODPGHQSS-FHLJGSFWSA-N,1,,1971,1,0,,,multi_fragment;dup_parent_inchikey,ChEMBL 36 REST API,https://www.ebi.ac.uk/chembl/api/data/molecule/CHEMBL2218913.json,0,CHEMBL2218913,Protein,4.0,chembl_max_phase_4,,same parent structure as: CAPREOMYCIN (CHEMBL2221250)
900033,carboplatin,O=C(O)C1(C(=O)O)CCC1,CCQPAEQGAVNNIA-UHFFFAOYSA-N,1,,1989,1,0,,,multi_fragment;metal_stripped,PubChem PUG REST (name lookup; ChEMBL has no structure),"https://pubchem.ncbi.nlm.nih.gov/rest/pug/compound/cid/426756/property/Title,SMILES/JSON",0,CHEMBL1351,Small molecule,4.0,chembl_max_phase_4,,"no structure in ChEMBL; SMILES from PubChem CID 426756 (Title: Platinum(II),1-cyclobutanedicarboxylato)diammine-, cis-; identity confirmed by pubchem_title_agrees)"
900034,cefpodoxime,COCC1=C(C(=O)O)N2C(=O)[C@@H](NC(=O)/C(=N\OC)c3csc(N)n3)[C@H]2SC1,WYUSVOMTXWRGEK-HBWVYFAYSA-N,1,,,1,0,,,,ChEMBL 36 REST API,https://www.ebi.ac.uk/chembl/api/data/molecule/CHEMBL1672.json,0,CHEMBL1672,Small molecule,4.0,chembl_max_phase_4,,
900035,chlormerodrin,COC(CNC(N)=O)[CH2][Hg][Cl],BJFGVYCULWBXKF-UHFFFAOYSA-M,1,,1982,1,0,,,,PubChem PUG REST (name lookup; ChEMBL has no structure),"https://pubchem.ncbi.nlm.nih.gov/rest/pug/compound/cid/25210/property/Title,SMILES/JSON",0,CHEMBL2110562,Small molecule,4.0,chembl_max_phase_4,,no structure in ChEMBL; SMILES from PubChem CID 25210 (Title: Chlormerodrin; identity confirmed by pubchem_title_agrees)
900036,chlormerodrin hg 197,COC([CH2][197Hg+])CNC(N)=O,IJCITOQWOMWZIG-JWFOFJTQSA-N,1,,1982,1,0,,,multi_fragment;charged_parent,PubChem PUG REST (name lookup; ChEMBL has no structure),"https://pubchem.ncbi.nlm.nih.gov/rest/pug/compound/cid/91667977/property/Title,SMILES/JSON",0,CHEMBL1201095,Small molecule,4.0,chembl_max_phase_4,,no structure in ChEMBL; SMILES from PubChem CID 91667977 (Title: Chlormerodrin Hg-197; identity confirmed by pubchem_title_agrees)
900037,cobaltous chloride,[Co+2],XLJKHNWPARRRJB-UHFFFAOYSA-N,1,,1982,1,0,,,multi_fragment;inorganic;element;charged_parent,PubChem PUG REST (name lookup; ChEMBL has no structure),"https://pubchem.ncbi.nlm.nih.gov/rest/pug/compound/cid/3032536/property/Title,SMILES/JSON",0,CHEMBL1909055,Small molecule,4.0,chembl_max_phase_4,,no structure in ChEMBL; SMILES from PubChem CID 3032536 (Title: Cobalt chloride (cocl2); identity confirmed by pubchem_title_agrees)
900038,cobaltous chloride co 57,[57Co+2],XLJKHNWPARRRJB-YPZZEJLDSA-N,1,,1982,1,0,,,multi_fragment;inorganic;element;charged_parent,PubChem PUG REST (name lookup; ChEMBL has no structure),"https://pubchem.ncbi.nlm.nih.gov/rest/pug/compound/cid/3081442/property/Title,SMILES/JSON",0,CHEMBL1200529,Small molecule,4.0,chembl_max_phase_4,,no structure in ChEMBL; SMILES from PubChem CID 3081442 (Title: Cobaltous Chloride Co 57; identity confirmed by pubchem_title_agrees)
900039,cobaltous chloride co 60,[Cl][60Co][Cl],GVPFVAHMJGGAJG-FCHARDOESA-L,1,,1982,1,0,,,inorganic,PubChem PUG REST (name lookup; ChEMBL has no structure),"https://pubchem.ncbi.nlm.nih.gov/rest/pug/compound/cid/66372/property/Title,SMILES/JSON",0,CHEMBL1201094,Small molecule,4.0,chembl_max_phase_4,,no structure in ChEMBL; SMILES from PubChem CID 66372 (Title: Cobaltous chloride Co 60; identity confirmed by pubchem_title_agrees)
900040,copper,[Cu],RYGMFSIKBFXOCR-UHFFFAOYSA-N,1,,1982,1,0,,,inorganic;element,PubChem PUG REST (name lookup; ChEMBL has no structure),"https://pubchem.ncbi.nlm.nih.gov/rest/pug/compound/cid/23978/property/Title,SMILES/JSON",0,CHEMBL55643,Small molecule,4.0,chembl_max_phase_4,,no structure in ChEMBL; SMILES from PubChem CID 23978 (Title: Copper; identity confirmed by pubchem_title_agrees)
900041,cravacitinib,CNC(=O)c1nnc(NC(=O)C2CC2)cc1Nc1cccc(-c2ncn(C)n2)c1OC,BZZKEPGENYLQSC-UHFFFAOYSA-N,1,,2022,1,1,TYK2,,,ChEMBL 36 REST API,https://www.ebi.ac.uk/chembl/api/data/molecule/CHEMBL4596392.json,0,CHEMBL4596392,Small molecule,4.0,chembl_max_phase_4,"chembl_pchembl>=6,n>=2",
900042,crinecerfont,C#CCN(c1nc(-c2cc(C)c(OC)cc2Cl)c(C)s1)[C@@H](CC1CC1)c1ccc(C)c(F)c1,IEAKXXNRGSLYTQ-DEOSSOPVSA-N,1,,2024,1,1,CRHR1,CRHR1,,ChEMBL 36 REST API,https://www.ebi.ac.uk/chembl/api/data/molecule/CHEMBL291657.json,0,CHEMBL291657,Small molecule,4.0,chembl_max_phase_4,chembl_mechanism,
900043,cupric chloride cu-64,[64Cu+2],JPVYNHNXODAKFH-IGMARMGPSA-N,1,,2012,1,0,,,multi_fragment;inorganic;element;charged_parent,PubChem PUG REST (name lookup; ChEMBL has no structure),"https://pubchem.ncbi.nlm.nih.gov/rest/pug/compound/cid/76972915/property/Title,SMILES/JSON",0,CHEMBL6067989,Small molecule,4.0,chembl_max_phase_4,,no structure in ChEMBL; SMILES from PubChem CID 76972915 (Title: Cupric chloride anhydrous Cu-64; identity confirmed by pubchem_title_agrees)
900044,cyanocobalamin,C/C1=C2N=C(/C=C3\N/C(=C(/C)C4=N[C@@](C)([C@@H]5N=C1[C@](C)(CCC(=O)NC[C@@H](C)OP(=O)(O)O[C@H]1[C@@H](O)[C@@H]([n+]6c[nH]c7cc(C)c(C)cc76)O[C@@H]1CO)[C@H]5CC(N)=O)[C@@](C)(CC(N)=O)[C@@H]4CCC(=N)O)[C@@](C)(CC(N)=O)[C@@H]3CCC(=N)[O-])C(C)(C)[C@@H]/2CCC(=N)O,RHYVGCKRBKDRDX-RQJMMSBLSA-N,1,,1982,1,0,,,multi_fragment;metal_stripped,PubChem PUG REST (name lookup; ChEMBL has no structure),"https://pubchem.ncbi.nlm.nih.gov/rest/pug/compound/cid/166596686/property/Title,SMILES/JSON",0,CHEMBL2110563,Small molecule,4.0,chembl_max_phase_4,,no structure in ChEMBL; SMILES from PubChem CID 166596686 (Title: Cyanocobalamin; identity confirmed by pubchem_title_agrees)
900045,cyanocobalamin co 57,C/C1=C2/NC([C@H](CC(N)=O)[C@@]2(C)CCC(=O)NC[C@@H](C)OP(=O)(O)O[C@H]2[C@@H](O)[C@@H](n3cnc4cc(C)c(C)cc43)O[C@@H]2CO)[C@]2(C)N=C(/C(C)=C3N=C(/C=C4N=C1[C@@H](CCC(N)=O)C\4(C)C)[C@@H](CCC(N)=O)[C@]\3(C)CC(N)=O)[C@@H](CCC(N)=O)[C@]2(C)CC(N)=O,XIMXJQOPHNZJDD-VBTHXZBGSA-N,1,,1982,1,0,,,multi_fragment;metal_stripped;dup_parent_inchikey,PubChem PUG REST (name lookup; ChEMBL has no structure),"https://pubchem.ncbi.nlm.nih.gov/rest/pug/compound/cid/122706861/property/Title,SMILES/JSON",0,CHEMBL2096655,Small molecule,4.0,chembl_max_phase_4,,"no structure in ChEMBL; SMILES from PubChem CID 122706861 (Title: Cyanocobalamin Co-57; identity confirmed by pubchem_title_agrees); same parent structure as: CYANOCOBALAMIN CO 60 (CHEMBL2104118), CYANOCOBALAMIN CO 58 (CHEMBL2104381)"
900046,dabigatran,Cn1c(CNc2ccc(C(=N)N)cc2)nc2cc(C(=O)N(CCC(=O)O)c3ccccn3)ccc21,YBSJFWOBGCMAKL-UHFFFAOYSA-N,1,,,0,1,F2,F2,,ChEMBL 36 REST API,https://www.ebi.ac.uk/chembl/api/data/molecule/CHEMBL48361.json,0,CHEMBL48361,Small molecule,3.0,active_moiety_of_approved_prodrug,"chembl_mechanism;chembl_pchembl>=6,n>=2","active moiety of dabigatran etexilate (Pradaxa, FDA 2010); ChEMBL files the free acid at max_phase 3 because the marketed entity is the prodrug. This is the species that actually binds F2."
900047,dalfopristin,CCN(CC)CCS(=O)(=O)[C@@H]1CCN2C(=O)c3coc(n3)CC(=O)C[C@H](O)/C=C(C)/C=C/CNC(=O)/C=C/[C@@H](C)[C@@H](C(C)C)OC(=O)[C@@H]12,SUYRLXYYZQTJHF-VMBLUXKRSA-N,1,,1999,1,0,,,,ChEMBL 36 REST API,https://www.ebi.ac.uk/chembl/api/data/molecule/CHEMBL1200937.json,0,CHEMBL1200937,Small molecule,4.0,chembl_max_phase_4,,
900048,danicopan,CC(=O)c1nn(CC(=O)N2C[C@H](F)C[C@H]2C(=O)Nc2cccc(Br)n2)c2ccc(-c3cnc(C)nc3)cc12,PIBARDGJJAGJAJ-NQIIRXRSSA-N,1,,2024,1,1,CFD,CFD,,ChEMBL 36 REST API,https://www.ebi.ac.uk/chembl/api/data/molecule/CHEMBL4250860.json,0,CHEMBL4250860,Small molecule,4.0,chembl_max_phase_4,"chembl_mechanism;chembl_pchembl>=6,n>=2",
900049,daridorexant,COc1ccc(-n2nccn2)c(C(=O)N2CCC[C@@]2(C)c2nc3c(C)c(Cl)ccc3[nH]2)c1,NBGABHGMJVIVBW-QHCPKHFHSA-N,1,,2022,1,2,HCRTR1;HCRTR2,HCRTR1;HCRTR2,dup_parent_inchikey,ChEMBL 36 REST API,https://www.ebi.ac.uk/chembl/api/data/molecule/CHEMBL4297590.json,0,CHEMBL4297590,Small molecule,4.0,chembl_max_phase_4,"chembl_mechanism;chembl_pchembl>=6,n>=2",same parent structure as: DARIDOREXANT HYDROCHLORIDE (CHEMBL4650216)
900050,deucravacitinib,[2H]C([2H])([2H])NC(=O)c1nnc(NC(=O)C2CC2)cc1Nc1cccc(-c2ncn(C)n2)c1OC,BZZKEPGENYLQSC-FIBGUPNXSA-N,1,,2022,1,6,BMPR2;JAK1;JAK2;JAK3;STAT1;TYK2,TYK2,,ChEMBL 36 REST API,https://www.ebi.ac.uk/chembl/api/data/molecule/CHEMBL4435170.json,0,CHEMBL4435170,Small molecule,4.0,chembl_max_phase_4,"chembl_mechanism;chembl_pchembl>=6,n>=2",
900051,dextroamphetamine saccharate,O=C(O)[C@@H](O)[C@@H](O)[C@H](O)[C@@H](O)C(=O)O,DSLZVSRJTYRBFB-LLEIAEIESA-N,1,,1996,1,3,SLC18A2;SLC6A2;SLC6A3,SLC18A2;SLC6A2;SLC6A3,multi_fragment,ChEMBL 36 REST API,https://www.ebi.ac.uk/chembl/api/data/molecule/CHEMBL3989844.json,0,CHEMBL3989844,Small molecule,4.0,chembl_max_phase_4,chembl_mechanism,
900052,dextromoramide tartrate,C[C@@H](CC(C(=O)N1CCCC1)(c1ccccc1)c1ccccc1)N1CCOCC1,XHKXWINHANRSNT-NRFANRHFSA-N,1,,,1,0,,,multi_fragment;dup_parent_inchikey,ChEMBL 36 REST API,https://www.ebi.ac.uk/chembl/api/data/molecule/CHEMBL3833311.json,0,CHEMBL3833311,Small molecule,4.0,chembl_max_phase_4,,same parent structure as: DEXTROMORAMIDE (CHEMBL3833389)
900053,dibromsalan,O=C(Nc1ccc(Br)cc1)c1cc(Br)ccc1O,CTFFKFYWSOSIAA-UHFFFAOYSA-N,1,,,1,0,,,,ChEMBL 36 REST API,https://www.ebi.ac.uk/chembl/api/data/molecule/CHEMBL21869.json,1,CHEMBL21869,Small molecule,4.0,chembl_max_phase_4,,
900054,difelikefalin,CC(C)C[C@@H](NC(=O)[C@@H](Cc1ccccc1)NC(=O)[C@H](N)Cc1ccccc1)C(=O)N[C@H](CCCCN)C(=O)N1CCC(N)(C(=O)O)CC1,FWMNVWWHGCHHJJ-SKKKGAJSSA-N,1,,2021,1,1,OPRK1,OPRK1,dup_parent_inchikey,ChEMBL 36 REST API,https://www.ebi.ac.uk/chembl/api/data/molecule/CHEMBL3989915.json,0,CHEMBL3989915,Protein,4.0,chembl_max_phase_4,chembl_mechanism,same parent structure as: DIFELIKEFALIN ACETATE (CHEMBL5315123)
900055,diroximel fumarate,COC(=O)/C=C/C(=O)OCCN1C(=O)CCC1=O,YIMYDTCOUQIDMT-SNAWJCMRSA-N,1,,2019,1,1,KEAP1,KEAP1,,ChEMBL 36 REST API,https://www.ebi.ac.uk/chembl/api/data/molecule/CHEMBL3989944.json,0,CHEMBL3989944,Small molecule,4.0,chembl_max_phase_4,chembl_mechanism,
900056,dobesilic acid,O=S(=O)(O)c1cc(O)ccc1O,IKQCSJBQLWJEPU-UHFFFAOYSA-N,1,,,1,0,,,dup_parent_inchikey,ChEMBL 36 REST API,https://www.ebi.ac.uk/chembl/api/data/molecule/CHEMBL1232131.json,0,CHEMBL1232131,Small molecule,4.0,chembl_max_phase_4,,same parent structure as: ETHAMSYLATE (CHEMBL1514715)
900057,durlobactam sodium,CC1=C[C@@H]2CN(C(=O)N2OS(=O)(=O)O)[C@@H]1C(N)=O,BISPBXFUKNXOQY-RITPCOANSA-N,1,,2023,1,0,,,multi_fragment;metal_stripped;dup_parent_inchikey,ChEMBL 36 REST API,https://www.ebi.ac.uk/chembl/api/data/molecule/CHEMBL4297378.json,0,CHEMBL4297378,Small molecule,4.0,chembl_max_phase_4,,same parent structure as: DURLOBACTAM (CHEMBL4298137)
900058,elacestrant,CCNCCc1ccc(CN(CC)c2cc(OC)ccc2[C@@H]2CCc3cc(O)ccc3C2)cc1,SIFNOOUKXBRGGB-AREMUKBSSA-N,1,,2023,1,1,ESR1,ESR1,dup_parent_inchikey,ChEMBL 36 REST API,https://www.ebi.ac.uk/chembl/api/data/molecule/CHEMBL4297509.json,0,CHEMBL4297509,Small molecule,4.0,chembl_max_phase_4,"chembl_mechanism;chembl_pchembl>=6,n>=2",same parent structure as: ELACESTRANT HYDROCHLORIDE (CHEMBL4594273)
900059,elafibranor,CSc1ccc(C(=O)/C=C/c2cc(C)c(OC(C)(C)C(=O)O)c(C)c2)cc1,AFLFKFHDSCQHOL-IZZDOVSWSA-N,1,,2024,1,2,PPARA;PPARD,PPARA;PPARD,,ChEMBL 36 REST API,https://www.ebi.ac.uk/chembl/api/data/molecule/CHEMBL3707395.json,0,CHEMBL3707395,Small molecule,4.0,chembl_max_phase_4,"chembl_mechanism;chembl_pchembl>=6,n>=2",
900060,enmetazobactam,Cn1cc[n+](C[C@@]2(C)[C@H](C(=O)[O-])N3C(=O)C[C@H]3S2(=O)=O)n1,HFZITXBUTWITPT-YWVKMMECSA-N,1,,2024,1,0,,,,ChEMBL 36 REST API,https://www.ebi.ac.uk/chembl/api/data/molecule/CHEMBL4458276.json,0,CHEMBL4458276,Small molecule,4.0,chembl_max_phase_4,,
900061,ensartinib,C[C@@H]1CN(C(=O)c2ccc(NC(=O)c3cc(O[C@H](C)c4c(Cl)ccc(F)c4Cl)c(N)nn3)cc2)C[C@H](C)N1,GLYMPHUVMRFTFV-QLFBSQMISA-N,1,,2024,1,1,ALK,ALK,,ChEMBL 36 REST API,https://www.ebi.ac.uk/chembl/api/data/molecule/CHEMBL4113131.json,0,CHEMBL4113131,Small molecule,4.0,chembl_max_phase_4,chembl_mechanism,
900062,ensifentrine,COc1cc2c(cc1OC)-c1c/c(=N\c3c(C)cc(C)cc3C)n(CCNC(N)=O)c(=O)n1CC2,CSOBIBXVIYAXFM-BYNJWEBRSA-N,1,,2024,1,6,PDE3A;PDE3B;PDE4A;PDE4B;PDE4C;PDE4D,PDE3A;PDE3B;PDE4A;PDE4B;PDE4C;PDE4D,,ChEMBL 36 REST API,https://www.ebi.ac.uk/chembl/api/data/molecule/CHEMBL4594287.json,0,CHEMBL4594287,Small molecule,4.0,chembl_max_phase_4,chembl_mechanism,
900063,eslicarbazepine,NC(=O)N1c2ccccc2C[C@H](O)c2ccccc21,BMPDWHIDQYTSHX-AWEZNQCLSA-N,1,,,1,10,SCN10A;SCN11A;SCN1A;SCN2A;SCN3A;SCN4A;SCN5A;SCN7A;SCN8A;SCN9A,SCN10A;SCN11A;SCN1A;SCN2A;SCN3A;SCN4A;SCN5A;SCN7A;SCN8A;SCN9A,,ChEMBL 36 REST API,https://www.ebi.ac.uk/chembl/api/data/molecule/CHEMBL315985.json,0,CHEMBL315985,Small molecule,4.0,chembl_max_phase_4,chembl_mechanism,
900064,etrasimod,O=C(O)C[C@H]1CCc2c1[nH]c1ccc(OCc3ccc(C4CCCC4)c(C(F)(F)F)c3)cc21,MVGWUTBTXDYMND-QGZVFWFLSA-N,1,,2023,1,1,S1PR1,S1PR1,dup_parent_inchikey,ChEMBL 36 REST API,https://www.ebi.ac.uk/chembl/api/data/molecule/CHEMBL3358920.json,0,CHEMBL3358920,Small molecule,4.0,chembl_max_phase_4,"chembl_mechanism;chembl_pchembl>=6,n>=2",same parent structure as: ETRASIMOD ARGININE (CHEMBL3989933)
900065,exifone,O=C(c1cc(O)c(O)c(O)c1)c1ccc(O)c(O)c1O,XEDWWPGWIXPVRQ-UHFFFAOYSA-N,1,,,1,0,,,,ChEMBL 36 REST API,https://www.ebi.ac.uk/chembl/api/data/molecule/CHEMBL329522.json,1,CHEMBL329522,Small molecule,4.0,chembl_max_phase_4,,
900066,fenclozic acid,O=C(O)Cc1csc(-c2ccc(Cl)cc2)n1,APBSKHYXXKHJFK-UHFFFAOYSA-N,1,,,1,0,,,,ChEMBL 36 REST API,https://www.ebi.ac.uk/chembl/api/data/molecule/CHEMBL1909282.json,1,CHEMBL1909282,Small molecule,4.0,chembl_max_phase_4,,
900067,ferric maltol,Cc1occc(=O)c1O,XPCTZQVDEJYUGT-UHFFFAOYSA-N,1,,2016,1,0,,,multi_fragment;metal_stripped,PubChem PUG REST (name lookup; ChEMBL has no structure),"https://pubchem.ncbi.nlm.nih.gov/rest/pug/compound/cid/169535/property/Title,SMILES/JSON",0,CHEMBL4298110,Small molecule,4.0,chembl_max_phase_4,,no structure in ChEMBL; SMILES from PubChem CID 169535 (Title: Ferric Maltol; identity confirmed by pubchem_title_agrees)
900068,fexinidazole,CSc1ccc(OCc2ncc([N+](=O)[O-])n2C)cc1,MIWWSGDADVMLTG-UHFFFAOYSA-N,1,,2021,1,0,,,,ChEMBL 36 REST API,https://www.ebi.ac.uk/chembl/api/data/molecule/CHEMBL1631694.json,0,CHEMBL1631694,Small molecule,4.0,chembl_max_phase_4,,
900069,fezolinetant,Cc1nsc(-c2nnc3n2CCN(C(=O)c2ccc(F)cc2)[C@@H]3C)n1,PPSNFPASKFYPMN-SECBINFHSA-N,1,,2023,1,1,TACR3,TACR3,,ChEMBL 36 REST API,https://www.ebi.ac.uk/chembl/api/data/molecule/CHEMBL3608680.json,0,CHEMBL3608680,Small molecule,4.0,chembl_max_phase_4,"chembl_mechanism;chembl_pchembl>=6,n>=2",
900070,finerenone,CCOc1ncc(C)c2c1[C@H](c1ccc(C#N)cc1OC)C(C(N)=O)=C(C)N2,BTBHLEZXCOBLCY-QGZVFWFLSA-N,1,,2021,1,1,NR3C2,NR3C2,,ChEMBL 36 REST API,https://www.ebi.ac.uk/chembl/api/data/molecule/CHEMBL2181927.json,0,CHEMBL2181927,Small molecule,4.0,chembl_max_phase_4,"chembl_mechanism;chembl_pchembl>=6,n>=2",
900071,flotufolastat f-18 gallium,CC(C)(C)[Si]([18F])(c1ccc(C(=O)NC[C@@H](NC(=O)CC[C@@H](C(=O)O)N2CCN(CC(=O)O)CCN(CC(=O)O)CCN(CC(=O)O)CC2)C(=O)N[C@H](CCCCNC(=O)CCC(=O)NCCC[C@@H](NC(=O)CC[C@H](NC(=O)N[C@@H](CCC(=O)O)C(=O)O)C(=O)O)C(=O)O)C(=O)O)cc1)C(C)(C)C,QMGJNAVROCDAIW-MQNQVPOESA-N,1,,2023,1,0,,,multi_fragment;metal_stripped,PubChem PUG REST (name lookup; ChEMBL has no structure),"https://pubchem.ncbi.nlm.nih.gov/rest/pug/compound/cid/166177191/property/Title,SMILES/JSON",0,CHEMBL5314559,Small molecule,4.0,chembl_max_phase_4,,no structure in ChEMBL; SMILES from PubChem CID 166177191 (Title: Flotufolastat F-18 Gallium; identity confirmed by pubchem_title_agrees)
900072,flotufolastat gallium,CC(C)(C)[Si](F)(c1ccc(C(=O)NC[C@@H](NC(=O)CC[C@@H](C(=O)O)N2CCN(CC(=O)O)CCN(CC(=O)O)CCN(CC(=O)O)CC2)C(=O)N[C@H](CCCCNC(=O)CCC(=O)NCCC[C@@H](NC(=O)CC[C@H](NC(=O)N[C@@H](CCC(=O)O)C(=O)O)C(=O)O)C(=O)O)C(=O)O)cc1)C(C)(C)C,QMGJNAVROCDAIW-YNVJYXMMSA-N,1,,2023,1,0,,,multi_fragment;metal_stripped,PubChem PUG REST (name lookup; ChEMBL has no structure),"https://pubchem.ncbi.nlm.nih.gov/rest/pug/compound/cid/166177187/property/Title,SMILES/JSON",0,CHEMBL5316156,Small molecule,4.0,chembl_max_phase_4,,no structure in ChEMBL; SMILES from PubChem CID 166177187 (Title: Flotufolastat Gallium; identity confirmed by pubchem_title_agrees)
900073,flumexadol,FC(F)(F)c1cccc(C2CNCCO2)c1,GXPYCYWPUGKQIJ-UHFFFAOYSA-N,1,,,1,0,,,,ChEMBL 36 REST API,https://www.ebi.ac.uk/chembl/api/data/molecule/CHEMBL578767.json,1,CHEMBL578767,Small molecule,4.0,chembl_max_phase_4,,
900074,fluorescein,O=C1OC2(c3ccc(O)cc3Oc3cc(O)ccc32)c2ccccc21,GNBHRKFJIUUOQI-UHFFFAOYSA-N,1,,1976,1,0,,,,ChEMBL 36 REST API,https://www.ebi.ac.uk/chembl/api/data/molecule/CHEMBL1057.json,0,CHEMBL1057,Small molecule,4.0,chembl_max_phase_4,,
900075,fluorescein sodium,O=C(O)c1ccccc1-c1c2ccc(=O)cc-2oc2cc(O)ccc12,YKGGGCXBWXHKIZ-UHFFFAOYSA-N,1,,1976,1,0,,,multi_fragment;metal_stripped,ChEMBL 36 REST API,https://www.ebi.ac.uk/chembl/api/data/molecule/CHEMBL1628233.json,0,CHEMBL1628233,Small molecule,4.0,chembl_max_phase_4,,
900076,flurpiridaz,CC(C)(C)n1ncc(OCc2ccc(COCCF)cc2)c(Cl)c1=O,RMXZKEPDYBTFOS-UHFFFAOYSA-N,1,,2024,1,0,,,,ChEMBL 36 REST API,https://www.ebi.ac.uk/chembl/api/data/molecule/CHEMBL494622.json,0,CHEMBL494622,Small molecule,4.0,chembl_max_phase_4,,
900077,flurpiridaz f 18,CC(C)(C)n1ncc(OCc2ccc(COCC[18F])cc2)c(Cl)c1=O,RMXZKEPDYBTFOS-LRFGSCOBSA-N,1,,2024,1,0,,,,ChEMBL 36 REST API,https://www.ebi.ac.uk/chembl/api/data/molecule/CHEMBL2107799.json,0,CHEMBL2107799,Small molecule,4.0,chembl_max_phase_4,,
900078,foscarbidopa,C[C@@](Cc1ccc(OP(=O)(O)O)c(O)c1)(NN)C(=O)O,PQUZXFMHVSMUNG-JTQLQIEISA-N,1,,2024,1,1,DDC,DDC,,ChEMBL 36 REST API,https://www.ebi.ac.uk/chembl/api/data/molecule/CHEMBL4802240.json,0,CHEMBL4802240,Small molecule,4.0,chembl_max_phase_4,chembl_mechanism,
900079,foslevodopa,N[C@@H](Cc1ccc(OP(=O)(O)O)c(O)c1)C(=O)O,YNDMEEULGSTYJT-LURJTMIESA-N,1,,2024,1,1,ADRB1,ADRB1,,ChEMBL 36 REST API,https://www.ebi.ac.uk/chembl/api/data/molecule/CHEMBL4594379.json,0,CHEMBL4594379,Small molecule,4.0,chembl_max_phase_4,chembl_mechanism,
900080,fruquintinib,CNC(=O)c1c(C)oc2cc(Oc3ncnc4cc(OC)c(OC)cc34)ccc12,BALLNEJQLSTPIO-UHFFFAOYSA-N,1,,2023,1,3,FLT1;FLT4;KDR,FLT1;FLT4;KDR,,ChEMBL 36 REST API,https://www.ebi.ac.uk/chembl/api/data/molecule/CHEMBL4303214.json,0,CHEMBL4303214,Small molecule,4.0,chembl_max_phase_4,chembl_mechanism,
900081,futibatinib,C=CC(=O)N1CC[C@H](n2nc(C#Cc3cc(OC)cc(OC)c3)c3c(N)ncnc32)C1,KEIPNCCJPRMIAX-HNNXBMFYSA-N,1,,2022,1,4,FGFR1;FGFR2;FGFR3;FGFR4,FGFR1;FGFR2;FGFR3;FGFR4,,ChEMBL 36 REST API,https://www.ebi.ac.uk/chembl/api/data/molecule/CHEMBL3701238.json,0,CHEMBL3701238,Small molecule,4.0,chembl_max_phase_4,"chembl_mechanism;chembl_pchembl>=6,n>=2",
900082,gadobenate dimeglumine,O=C(O)CN(CCN(CC(=O)O)CC(=O)O)CCN(CC(=O)O)C(COCc1ccccc1)C(=O)O,OEIYJWYTUDFZBH-UHFFFAOYSA-N,1,,2004,1,0,,,multi_fragment;metal_stripped,PubChem PUG REST (name lookup; ChEMBL has no structure),"https://pubchem.ncbi.nlm.nih.gov/rest/pug/compound/cid/6918204/property/Title,SMILES/JSON",0,CHEMBL1200571,Small molecule,4.0,chembl_max_phase_4,,no structure in ChEMBL; SMILES from PubChem CID 6918204 (Title: Gadobenate Dimeglumine; identity confirmed by pubchem_title_agrees)
900083,gadobutrol,O=C(O)CN1CCN(CC(=O)O)CCN([C@H](CO)[C@H](O)CO)CCN(CC(=O)O)CC1,JZNZSKXIEDHOBD-HUUCEWRRSA-N,1,,2011,1,0,,,multi_fragment;metal_stripped,PubChem PUG REST (name lookup; ChEMBL has no structure),"https://pubchem.ncbi.nlm.nih.gov/rest/pug/compound/cid/6102852/property/Title,SMILES/JSON",0,CHEMBL2218860,Small molecule,4.0,chembl_max_phase_4,,no structure in ChEMBL; SMILES from PubChem CID 6102852 (Title: Gadobutrol; identity confirmed by pubchem_title_agrees)
900084,gadodiamide,CNC(=O)CN(CCN(CCN(CC(=O)O)CC(=O)NC)CC(=O)O)CC(=O)O,RZESKRXOCXWCFX-UHFFFAOYSA-N,1,,1993,1,0,,,multi_fragment;metal_stripped,PubChem PUG REST (name lookup; ChEMBL has no structure),"https://pubchem.ncbi.nlm.nih.gov/rest/pug/compound/cid/153921/property/Title,SMILES/JSON",0,CHEMBL1200346,Small molecule,4.0,chembl_max_phase_4,,no structure in ChEMBL; SMILES from PubChem CID 153921 (Title: Gadodiamide; identity confirmed by pubchem_title_agrees)
900085,gadofosveset,O=C(O)CN(CCN(CC(=O)O)C[C@H](COP(=O)(O)OC1CCC(c2ccccc2)(c2ccccc2)CC1)N(CC(=O)O)CC(=O)O)CC(=O)O,NZLPWFTXPYJYSS-AREMUKBSSA-N,1,,2005,1,0,,,multi_fragment;metal_stripped,PubChem PUG REST (name lookup; ChEMBL has no structure),"https://pubchem.ncbi.nlm.nih.gov/rest/pug/compound/cid/73415770/property/Title,SMILES/JSON",0,CHEMBL1908843,Small molecule,4.0,chembl_max_phase_4,,no structure in ChEMBL; SMILES from PubChem CID 73415770 (Title: Gadofosveset; identity confirmed by pubchem_title_agrees)
900086,gadofosveset trisodium,O=C(O)CN(CCN(CC(=O)O)CC(COP(=O)(O)OC1CCC(c2ccccc2)(c2ccccc2)CC1)N(CC(=O)O)CC(=O)O)CC(=O)O,NZLPWFTXPYJYSS-UHFFFAOYSA-N,1,,2005,1,0,,,multi_fragment;metal_stripped,PubChem PUG REST (name lookup; ChEMBL has no structure),"https://pubchem.ncbi.nlm.nih.gov/rest/pug/compound/cid/73049652/property/Title,SMILES/JSON",0,CHEMBL1908362,Small molecule,4.0,chembl_max_phase_4,,no structure in ChEMBL; SMILES from PubChem CID 73049652 (Title: Gadofosveset Trisodium; identity confirmed by pubchem_title_agrees)
900087,gadopiclenol,O=C(CCC(C(=O)O)N1CCN(C(CCC(=O)NCC(O)CO)C(=O)O)Cc2cccc(n2)CN(C(CCC(=O)NCC(O)CO)C(=O)O)CC1)NCC(O)CO,USCQNXNOZKZIPC-UHFFFAOYSA-N,1,,2022,1,0,,,multi_fragment;metal_stripped,PubChem PUG REST (name lookup; ChEMBL has no structure),"https://pubchem.ncbi.nlm.nih.gov/rest/pug/compound/cid/16223405/property/Title,SMILES/JSON",0,CHEMBL4297634,Small molecule,4.0,chembl_max_phase_4,,no structure in ChEMBL; SMILES from PubChem CID 16223405 (Title: Gadopiclenol; identity confirmed by pubchem_title_agrees)
900088,gadoterate meglumine,O=C(O)CN1CCN(CC(=O)O)CCN(CC(=O)O)CCN(CC(=O)O)CC1,WDLRUFUQRNWCPK-UHFFFAOYSA-N,1,,2013,1,0,,,multi_fragment;metal_stripped,PubChem PUG REST (name lookup; ChEMBL has no structure),"https://pubchem.ncbi.nlm.nih.gov/rest/pug/compound/cid/6918037/property/Title,SMILES/JSON",0,CHEMBL2219415,Small molecule,4.0,chembl_max_phase_4,,no structure in ChEMBL; SMILES from PubChem CID 6918037 (Title: Gadoterate Meglumine; identity confirmed by pubchem_title_agrees)
900089,gadoteridol,CC(O)CN1CCN(CC(=O)O)CCN(CC(=O)O)CCN(CC(=O)O)CC1,IQUHNCOJRJBMSU-UHFFFAOYSA-N,1,,1992,1,0,,,multi_fragment;metal_stripped,PubChem PUG REST (name lookup; ChEMBL has no structure),"https://pubchem.ncbi.nlm.nih.gov/rest/pug/compound/cid/60714/property/Title,SMILES/JSON",0,CHEMBL1200593,Small molecule,4.0,chembl_max_phase_4,,no structure in ChEMBL; SMILES from PubChem CID 60714 (Title: Gadoteridol; identity confirmed by pubchem_title_agrees)
900090,gadoversetamide,COCCNC(=O)CN(CCN(CCN(CC(=O)O)CC(=O)NCCOC)CC(=O)O)CC(=O)O,AXFGWXLCWCNPHP-UHFFFAOYSA-N,1,,1999,1,0,,,multi_fragment;metal_stripped,PubChem PUG REST (name lookup; ChEMBL has no structure),"https://pubchem.ncbi.nlm.nih.gov/rest/pug/compound/cid/444013/property/Title,SMILES/JSON",0,CHEMBL1200457,Small molecule,4.0,chembl_max_phase_4,,no structure in ChEMBL; SMILES from PubChem CID 444013 (Title: Gadoversetamide; identity confirmed by pubchem_title_agrees)
900091,gadoxetate disodium,CCOc1ccc(CC(CN(CCN(CC(=O)O)CC(=O)O)CC(=O)O)N(CC(=O)O)CC(=O)O)cc1,AQOXEJNYXXLRQQ-UHFFFAOYSA-N,1,,2008,1,0,,,multi_fragment;metal_stripped,PubChem PUG REST (name lookup; ChEMBL has no structure),"https://pubchem.ncbi.nlm.nih.gov/rest/pug/compound/cid/91754427/property/Title,SMILES/JSON",0,CHEMBL2103740,Small molecule,4.0,chembl_max_phase_4,,no structure in ChEMBL; SMILES from PubChem CID 91754427 (Title: Gadoxetate Disodium; identity confirmed by pubchem_title_agrees)
900092,gadoxetic acid,CCOc1ccc(C[C@@H](CN(CCN(CC(=O)O)CC(=O)O)CC(=O)O)N(CC(=O)O)CC(=O)O)cc1,AQOXEJNYXXLRQQ-KRWDZBQOSA-N,1,,2008,1,0,,,multi_fragment;metal_stripped,PubChem PUG REST (name lookup; ChEMBL has no structure),"https://pubchem.ncbi.nlm.nih.gov/rest/pug/compound/cid/25203894/property/Title,SMILES/JSON",0,CHEMBL2221312,Small molecule,4.0,chembl_max_phase_4,,no structure in ChEMBL; SMILES from PubChem CID 25203894 (Title: Gadoxetic Acid; identity confirmed by pubchem_title_agrees)
900093,ganaxolone,CC(=O)[C@H]1CC[C@H]2[C@@H]3CC[C@H]4C[C@](C)(O)CC[C@]4(C)[C@H]3CC[C@]12C,PGTVWKLGGCQMBR-FLBATMFCSA-N,1,,2022,1,16,GABRA1;GABRA2;GABRA3;GABRA4;GABRA5;GABRA6;GABRB1;GABRB2;GABRB3;GABRD;GABRE;GABRG1;GABRG2;GABRG3;GABRP;GABRQ,GABRA1;GABRA2;GABRA3;GABRA4;GABRA5;GABRA6;GABRB1;GABRB2;GABRB3;GABRD;GABRE;GABRG1;GABRG2;GABRG3;GABRP;GABRQ,,ChEMBL 36 REST API,https://www.ebi.ac.uk/chembl/api/data/molecule/CHEMBL1568698.json,0,CHEMBL1568698,Small molecule,4.0,chembl_max_phase_4,"chembl_mechanism;chembl_pchembl>=6,n>=2",
900094,gefapixant,COc1cc(C(C)C)c(Oc2cnc(N)nc2N)cc1S(N)(=O)=O,HLWURFKMDLAKOD-UHFFFAOYSA-N,1,,2023,1,1,P2RX3,P2RX3,dup_parent_inchikey,ChEMBL 36 REST API,https://www.ebi.ac.uk/chembl/api/data/molecule/CHEMBL3716057.json,0,CHEMBL3716057,Small molecule,4.0,chembl_max_phase_4,"chembl_mechanism;chembl_pchembl>=6,n>=2",same parent structure as: GEFAPIXANT CITRATE (CHEMBL4594278)
900095,gentamicin,CNC(C)C1CCC(N)C(OC2C(N)CC(N)C(OC3OCC(C)(O)C(NC)C3O)C2O)O1,CEAZRRDELHUEMR-UHFFFAOYSA-N,1,,1970,1,0,,,,PubChem PUG REST (name lookup; ChEMBL has no structure),"https://pubchem.ncbi.nlm.nih.gov/rest/pug/compound/cid/3467/property/Title,SMILES/JSON",0,CHEMBL6067485,Small molecule,4.0,chembl_max_phase_4,,no structure in ChEMBL; SMILES from PubChem CID 3467 (Title: Gentamicin; identity confirmed by pubchem_title_agrees)
900096,gentamicin sulfate,CNC(C)[C@@H]1CC[C@@H](N)[C@@H](O[C@H]2[C@H](O)[C@@H](O[C@H]3OC[C@](C)(O)[C@H](NC)[C@H]3O)[C@H](N)C[C@@H]2N)O1,CEAZRRDELHUEMR-URQXQFDESA-N,1,,1970,1,0,,,multi_fragment,PubChem PUG REST (name lookup; ChEMBL has no structure),"https://pubchem.ncbi.nlm.nih.gov/rest/pug/compound/cid/9855350/property/Title,SMILES/JSON",0,CHEMBL6067484,Small molecule,4.0,chembl_max_phase_4,,no structure in ChEMBL; SMILES from PubChem CID 9855350 (Title: Gentamicin Sulfate; identity confirmed by pubchem_title_agrees)
900097,givinostat,CCN(CC)Cc1ccc2cc(COC(=O)Nc3ccc(C(=O)NO)cc3)ccc2c1,YALNUENQHAQXEA-UHFFFAOYSA-N,1,,2024,1,1,HDAC9,,dup_parent_inchikey,ChEMBL 36 REST API,https://www.ebi.ac.uk/chembl/api/data/molecule/CHEMBL1213492.json,0,CHEMBL1213492,Small molecule,4.0,chembl_max_phase_4,"chembl_pchembl>=6,n>=2",same parent structure as: GIVINOSTAT HYDROCHLORIDE (CHEMBL6068400)
900098,gosogliptin,O=C([C@@H]1C[C@H](N2CCN(c3ncccn3)CC2)CN1)N1CCC(F)(F)C1,QWEWGXUTRTXFRF-KBPBESRZSA-N,1,,2016,1,1,DPP4,DPP4,,ChEMBL 36 REST API,https://www.ebi.ac.uk/chembl/api/data/molecule/CHEMBL515387.json,0,CHEMBL515387,Small molecule,4.0,chembl_max_phase_4,"chembl_mechanism;chembl_pchembl>=6,n>=2",
900099,hydroxocobalamin,C/C1=C2/N[C@H]([C@H](CC(N)=O)[C@@]2(C)CCC(=O)NC[C@@H](C)OP(=O)(O)O[C@H]2[C@@H](O)[C@@H](n3cnc4cc(C)c(C)cc43)O[C@@H]2CO)[C@]2(C)N=C(/C(C)=C3N=C(/C=C4N=C1[C@@H](CCC(N)=O)C\4(C)C)[C@@H](CCC(N)=O)[C@]\3(C)CC(N)=O)[C@@H](CCC(N)=O)[C@]2(C)CC(N)=O,XIMXJQOPHNZJDD-MCYQGSFHSA-N,1,,1982,1,0,,,multi_fragment;metal_stripped,PubChem PUG REST (name lookup; ChEMBL has no structure),"https://pubchem.ncbi.nlm.nih.gov/rest/pug/compound/cid/44475014/property/Title,SMILES/JSON",0,CHEMBL2103737,Small molecule,4.0,chembl_max_phase_4,,no structure in ChEMBL; SMILES from PubChem CID 44475014 (Title: Hydroxocobalamin; identity confirmed by pubchem_title_agrees)
900100,inavolisib,C[C@H](Nc1ccc2c(c1)OCCn1cc(N3C(=O)OC[C@H]3C(F)F)nc1-2)C(N)=O,SGEUNORSOZVTOL-CABZTGNLSA-N,1,,2024,1,2,PIK3CA;PIK3CD,PIK3CA,,ChEMBL 36 REST API,https://www.ebi.ac.uk/chembl/api/data/molecule/CHEMBL4650215.json,0,CHEMBL4650215,Small molecule,4.0,chembl_max_phase_4,"chembl_mechanism;chembl_pchembl>=6,n>=2",
900101,indium chloride,[In],APFVFJFRJDLVQX-UHFFFAOYSA-N,1,,1992,1,0,,,multi_fragment;inorganic;element,PubChem PUG REST (name lookup; ChEMBL has no structure),"https://pubchem.ncbi.nlm.nih.gov/rest/pug/compound/cid/137947099/property/Title,SMILES/JSON",0,CHEMBL1447815,Small molecule,4.0,chembl_max_phase_4,,no structure in ChEMBL; SMILES from PubChem CID 137947099 (Title: Indium(i)chloride; identity confirmed by pubchem_title_agrees)
900102,indium in 111 chloride,[Cl][111In]([Cl])[Cl],PSCMQHVBLHHWTO-FZTWWWDYSA-K,1,,1992,1,0,,,inorganic,PubChem PUG REST (name lookup; ChEMBL has no structure),"https://pubchem.ncbi.nlm.nih.gov/rest/pug/compound/cid/49800058/property/Title,SMILES/JSON",0,CHEMBL1201078,Small molecule,4.0,chembl_max_phase_4,,no structure in ChEMBL; SMILES from PubChem CID 49800058 (Title: Indium chloride in-111; identity confirmed by pubchem_title_agrees)
900103,insulin detemir,CCCCCCCCCCCCCC(=O)NCCCC[C@H](NC(=O)[C@@H]1CCCN1C(=O)[C@@H](NC(=O)[C@H](Cc1ccc(O)cc1)NC(=O)[C@H](Cc1ccccc1)NC(=O)[C@H](Cc1ccccc1)NC(=O)CNC(=O)[C@H](CCCNC(=N)N)NC(=O)[C@H](CCC(=O)O)NC(=O)CNC(=O)[C@@H]1CSSC[C@@H](C(=O)N[C@@H](CC(N)=O)C(=O)O)NC(=O)[C@H](Cc2ccc(O)cc2)NC(=O)[C@H](CC(N)=O)NC(=O)[C@H](CCC(=O)O)NC(=O)[C@H](CC(C)C)NC(=O)[C@H](CCC(N)=O)NC(=O)[C@H](Cc2ccc(O)cc2)NC(=O)[C@H](CC(C)C)NC(=O)[C@H](CO)NC(=O)[C@@H]2CSSC[C@H](NC(=O)[C@H](CCC(N)=O)NC(=O)[C@H](CCC(=O)O)NC(=O)[C@@H](NC(=O)[C@@H](NC(=O)CN)[C@@H](C)CC)C(C)C)C(=O)N[C@@H](CSSC[C@H](NC(=O)[C@H](CC(C)C)NC(=O)[C@H](Cc3c[nH]cn3)NC(=O)[C@H](CCC(N)=O)NC(=O)[C@H](CC(N)=O)NC(=O)[C@@H](NC(=O)[C@@H](N)Cc3ccccc3)C(C)C)C(=O)NCC(=O)N[C@@H](CO)C(=O)N[C@@H](Cc3c[nH]cn3)C(=O)N[C@@H](CC(C)C)C(=O)N[C@@H](C(C)C)C(=O)N[C@@H](CCC(=O)O)C(=O)N[C@@H](C)C(=O)N[C@@H](CC(C)C)C(=O)N[C@@H](Cc3ccc(O)cc3)C(=O)N[C@@H](CC(C)C)C(=O)N[C@@H](C(C)C)C(=O)N1)C(=O)N[C@@H]([C@@H](C)O)C(=O)N[C@@H](CO)C(=O)N[C@@H]([C@@H](C)CC)C(=O)N2)[C@@H](C)O)C(=O)O,UGOZVNFCFYTPAZ-IOXYNQHNSA-N,1,,2004,1,1,INSR,INSR,,ChEMBL 36 REST API,https://www.ebi.ac.uk/chembl/api/data/molecule/CHEMBL2104391.json,0,CHEMBL2104391,Protein,4.0,chembl_max_phase_4,chembl_mechanism,
900104,iophendylate,CCOC(=O)CCCCCCCCC(C)c1ccc(I)cc1,LAYLQVBQIBQVLL-UHFFFAOYSA-N,1,,1982,1,0,,,,ChEMBL 36 REST API,https://www.ebi.ac.uk/chembl/api/data/molecule/CHEMBL951.json,0,CHEMBL951,Small molecule,4.0,chembl_max_phase_4,,
900105,iptacopan,CCO[C@H]1CCN(Cc2c(OC)cc(C)c3[nH]ccc23)[C@H](c2ccc(C(=O)O)cc2)C1,RENRQMCACQEWFC-UGKGYDQZSA-N,1,,2023,1,1,CFB,CFB,dup_parent_inchikey,ChEMBL 36 REST API,https://www.ebi.ac.uk/chembl/api/data/molecule/CHEMBL4594448.json,0,CHEMBL4594448,Small molecule,4.0,chembl_max_phase_4,"chembl_mechanism;chembl_pchembl>=6,n>=2",same parent structure as: IPTACOPAN HYDROCHLORIDE (CHEMBL5095401)
900106,isosulfan blue,CCN(CC)c1ccc(C(=C2C=CC(=[N+](CC)CC)C=C2)c2cc(S(=O)(=O)O)ccc2S(=O)(=O)[O-])cc1,YFKDCGWIINMRQY-UHFFFAOYSA-N,1,,1981,1,0,,,multi_fragment;metal_stripped;dup_parent_inchikey,ChEMBL 36 REST API,https://www.ebi.ac.uk/chembl/api/data/molecule/CHEMBL1200859.json,0,CHEMBL1200859,Small molecule,4.0,chembl_max_phase_4,,same parent structure as: ISOSULFAN BLUE INNER SALT (CHEMBL1201275)
900107,ixazomib citrate,CC(C)C[C@H](NC(=O)CNC(=O)c1cc(Cl)ccc1Cl)B1OC(=O)C(CC(=O)O)(CC(=O)O)O1,MBOMYENWWXQSNW-AWEZNQCLSA-N,1,,2015,1,38,ADRM1;PSMA1;PSMA2;PSMA3;PSMA4;PSMA5;PSMA6;PSMA7;PSMA8;PSMB1;PSMB10;PSMB11;PSMB2;PSMB3;PSMB4;PSMB5;PSMB6;PSMB7;PSMB8;PSMB9;PSMC1;PSMC2;PSMC3;PSMC4;PSMC5;PSMC6;PSMD1;PSMD11;PSMD12;PSMD13;PSMD14;PSMD2;PSMD3;PSMD4;PSMD6;PSMD7;PSMD8;SEM1,ADRM1;PSMA1;PSMA2;PSMA3;PSMA4;PSMA5;PSMA6;PSMA7;PSMA8;PSMB1;PSMB10;PSMB11;PSMB2;PSMB3;PSMB4;PSMB5;PSMB6;PSMB7;PSMB8;PSMB9;PSMC1;PSMC2;PSMC3;PSMC4;PSMC5;PSMC6;PSMD1;PSMD11;PSMD12;PSMD13;PSMD14;PSMD2;PSMD3;PSMD4;PSMD6;PSMD7;PSMD8;SEM1,,ChEMBL 36 REST API,https://www.ebi.ac.uk/chembl/api/data/molecule/CHEMBL3545432.json,0,CHEMBL3545432,Small molecule,4.0,chembl_max_phase_4,"chembl_mechanism;chembl_pchembl>=6,n>=2",
900108,lazertinib,C=CC(=O)Nc1cc(Nc2nccc(-n3cc(CN(C)C)c(-c4ccccc4)n3)n2)c(OC)cc1N1CCOCC1,RRMJMHOQSALEJJ-UHFFFAOYSA-N,1,,2024,1,1,EGFR,EGFR,dup_parent_inchikey,ChEMBL 36 REST API,https://www.ebi.ac.uk/chembl/api/data/molecule/CHEMBL4558324.json,0,CHEMBL4558324,Small molecule,4.0,chembl_max_phase_4,"chembl_mechanism;chembl_pchembl>=6,n>=2",same parent structure as: LAZERTINIB MESYLATE (CHEMBL6068478)
900109,lenacapavir,CC(C)(C#Cc1ccc(-c2ccc(Cl)c3c(NS(C)(=O)=O)nn(CC(F)(F)F)c23)c([C@H](Cc2cc(F)cc(F)c2)NC(=O)Cn2nc(C(F)(F)F)c3c2C(F)(F)[C@@H]2C[C@H]32)n1)S(C)(=O)=O,BRYXUCLEHAUSDY-WEWMWRJBSA-N,1,,2022,1,0,,,dup_parent_inchikey,ChEMBL 36 REST API,https://www.ebi.ac.uk/chembl/api/data/molecule/CHEMBL4594438.json,0,CHEMBL4594438,Small molecule,4.0,chembl_max_phase_4,,same parent structure as: LENACAPAVIR SODIUM (CHEMBL4802249)
900110,leniolisib,CCC(=O)N1CC[C@H](Nc2ncnc3c2CN(c2cnc(OC)c(C(F)(F)F)c2)CC3)C1,MWKYMZXCGYXLPL-ZDUSSCGKSA-N,1,,2023,1,2,PIK3CA;PIK3CD,PIK3CD,dup_parent_inchikey,ChEMBL 36 REST API,https://www.ebi.ac.uk/chembl/api/data/molecule/CHEMBL3643413.json,0,CHEMBL3643413,Small molecule,4.0,chembl_max_phase_4,"chembl_mechanism;chembl_pchembl>=6,n>=2",same parent structure as: LENIOLISIB PHOSPHATE (CHEMBL3989909)
900111,linzagolix,COc1cc(F)c(-n2c(=O)[nH]c3csc(C(=O)O)c3c2=O)cc1OCc1c(OC)ccc(F)c1F,BMAAMIIYNNPHAB-UHFFFAOYSA-N,1,,2022,1,1,GNRHR,GNRHR,dup_parent_inchikey,ChEMBL 36 REST API,https://www.ebi.ac.uk/chembl/api/data/molecule/CHEMBL3668014.json,0,CHEMBL3668014,Small molecule,4.0,chembl_max_phase_4,chembl_mechanism,same parent structure as: LINZAGOLIX CHOLINE (CHEMBL4298171)
900112,lotilaner,Cc1cc(C2=NO[C@@](c3cc(Cl)c(Cl)c(Cl)c3)(C(F)(F)F)C2)sc1C(=O)NCC(=O)NCC(F)(F)F,HDKWFBCPLKNOCK-SFHVURJKSA-N,1,,2017,1,0,,,,ChEMBL 36 REST API,https://www.ebi.ac.uk/chembl/api/data/molecule/CHEMBL3707310.json,0,CHEMBL3707310,Small molecule,4.0,chembl_max_phase_4,,
900113,lutetium chloride,[Cl][Lu]([Cl])[Cl],AEDROEGYZIARPU-UHFFFAOYSA-K,1,,2015,1,0,,,inorganic,PubChem PUG REST (name lookup; ChEMBL has no structure),"https://pubchem.ncbi.nlm.nih.gov/rest/pug/compound/cid/24919/property/Title,SMILES/JSON",0,CHEMBL5316165,Small molecule,4.0,chembl_max_phase_4,,no structure in ChEMBL; SMILES from PubChem CID 24919 (Title: Lutetium chloride; identity confirmed by pubchem_title_agrees)
900114,lutetium chloride lu-177,[177Lu+3],PSDMOPINLDTFSZ-NJFSPNSNSA-N,1,,2015,1,0,,,multi_fragment;inorganic;element;charged_parent,PubChem PUG REST (name lookup; ChEMBL has no structure),"https://pubchem.ncbi.nlm.nih.gov/rest/pug/compound/cid/71587001/property/Title,SMILES/JSON",0,CHEMBL5315062,Small molecule,4.0,chembl_max_phase_4,,no structure in ChEMBL; SMILES from PubChem CID 71587001 (Title: Lutetium chloride Lu-177; identity confirmed by pubchem_title_agrees)
900115,macimorelin,CC(C)(N)C(=O)N[C@H](Cc1c[nH]c2ccccc12)C(=O)N[C@H](Cc1c[nH]c2ccccc12)NC=O,UJVDJAPJQWZRFR-DHIUTWEWSA-N,1,,2017,1,1,GHSR,GHSR,dup_parent_inchikey,ChEMBL 36 REST API,https://www.ebi.ac.uk/chembl/api/data/molecule/CHEMBL278623.json,0,CHEMBL278623,Small molecule,4.0,chembl_max_phase_4,"chembl_mechanism;chembl_pchembl>=6,n>=2",same parent structure as: MACIMORELIN ACETATE (CHEMBL2364617)
900116,magnesium trisilicate,O=[Si](O)O[Si](O)(O)O[Si](=O)O,NPEYATQABYMBPM-UHFFFAOYSA-N,1,,1983,1,0,,,multi_fragment;inorganic;metal_stripped;dup_parent_inchikey,ChEMBL 36 REST API,https://www.ebi.ac.uk/chembl/api/data/molecule/CHEMBL2096633.json,0,CHEMBL2096633,Small molecule,4.0,chembl_max_phase_4,,same parent structure as: TRISILICATE (CHEMBL2109882)
900117,mangafodipir,Cc1nc(COP(=O)(O)O)cc(CN(CCN(CC(=O)O)Cc2cc(COP(=O)(O)O)nc(C)c2O)CC(=O)O)c1O,ZKCUQUAJNFHDFR-UHFFFAOYSA-N,1,,1997,1,0,,,multi_fragment;metal_stripped,PubChem PUG REST (name lookup; ChEMBL has no structure),"https://pubchem.ncbi.nlm.nih.gov/rest/pug/compound/cid/76967443/property/Title,SMILES/JSON",0,CHEMBL1201301,Small molecule,4.0,chembl_max_phase_4,,no structure in ChEMBL; SMILES from PubChem CID 76967443 (Title: Mangafodipir; identity confirmed by pubchem_title_agrees)
900118,mangafodipir trisodium,Cc1ncc(COP(=O)(O)O)c(CN(CCN(CC(=O)O)Cc2c(COP(=O)(O)O)cnc(C)c2O)CC(=O)O)c1O,SQKUFYLUXROIFM-UHFFFAOYSA-N,1,,1997,1,0,,,multi_fragment;metal_stripped,PubChem PUG REST (name lookup; ChEMBL has no structure),"https://pubchem.ncbi.nlm.nih.gov/rest/pug/compound/cid/160036/property/Title,SMILES/JSON",0,CHEMBL2096651,Small molecule,4.0,chembl_max_phase_4,,no structure in ChEMBL; SMILES from PubChem CID 160036 (Title: Mangafodipir Trisodium; identity confirmed by pubchem_title_agrees)
900119,maralixibat chloride,CCCCC1(CCCC)CS(=O)(=O)c2ccc(N(C)C)cc2[C@@H](c2ccc(OCc3ccc(C[N+]45CCN(CC4)CC5)cc3)cc2)[C@H]1O,STPKWKPURVSAJF-LJEWAXOPSA-N,1,,2021,1,1,SLC10A2,SLC10A2,multi_fragment;charged_parent;dup_parent_inchikey,ChEMBL 36 REST API,https://www.ebi.ac.uk/chembl/api/data/molecule/CHEMBL17879.json,0,CHEMBL17879,Small molecule,4.0,chembl_max_phase_4,chembl_mechanism,same parent structure as: MARALIXIBAT (CHEMBL363392)
900120,maribavir,CC(C)Nc1nc2cc(Cl)c(Cl)cc2n1[C@H]1O[C@@H](CO)[C@H](O)[C@@H]1O,KJFBVJALEQWJBS-XUXIUFHCSA-N,1,,2021,1,0,,,,ChEMBL 36 REST API,https://www.ebi.ac.uk/chembl/api/data/molecule/CHEMBL515408.json,0,CHEMBL515408,Small molecule,4.0,chembl_max_phase_4,,
900121,mavacamten,CC(C)n1c(=O)cc(N[C@@H](C)c2ccccc2)[nH]c1=O,RLCLASQCAPXVLM-NSHDSACASA-N,1,,2022,1,7,MYH6;MYH7;MYH7B;MYL2;MYL3;MYL4;MYL7,MYH6;MYH7;MYH7B;MYL2;MYL3;MYL4;MYL7,,ChEMBL 36 REST API,https://www.ebi.ac.uk/chembl/api/data/molecule/CHEMBL4297517.json,0,CHEMBL4297517,Small molecule,4.0,chembl_max_phase_4,chembl_mechanism,
900122,mavorixafor,NCCCCN(Cc1nc2ccccc2[nH]1)[C@H]1CCCc2cccnc21,WVLHHLRVNDMIAR-IBGZPJMESA-N,1,,2024,1,1,CXCR4,CXCR4,,ChEMBL 36 REST API,https://www.ebi.ac.uk/chembl/api/data/molecule/CHEMBL518924.json,0,CHEMBL518924,Small molecule,4.0,chembl_max_phase_4,"chembl_mechanism;chembl_pchembl>=6,n>=2",
900123,mecobalamin,C/C1=C2N=C(/C=C3N=C(/C(C)=C4\N[C@@](C)([C@@H]5N=C1[C@](C)(CCC(=O)NCC(C)OP(=O)(O)O[C@H]1[C@@H](O)[C@@H](n6cnc7cc(C)c(C)cc76)O[C@@H]1CO)[C@H]5CC(N)=O)[C@@](C)(CC(N)=O)[C@@H]4CCC(N)=O)[C@@](C)(CC(N)=O)[C@@H]\3CCC(N)=O)C(C)(C)[C@@H]/2CCC(N)=O,XLFLNLAIJULEFF-SOVJDXKHSA-N,1,,,1,0,,,multi_fragment;metal_stripped,PubChem PUG REST (name lookup; ChEMBL has no structure),"https://pubchem.ncbi.nlm.nih.gov/rest/pug/compound/cid/10898559/property/Title,SMILES/JSON",0,CHEMBL2359370,Small molecule,4.0,chembl_max_phase_4,,no structure in ChEMBL; SMILES from PubChem CID 10898559 (Title: CID 10898559; identity confirmed by pubchem_name_index_only)
900124,melagatran,N=C(N)c1ccc(CNC(=O)[C@@H]2CCN2C(=O)[C@H](NCC(=O)O)C2CCCCC2)cc1,DKWNMCUOEDMMIN-PKOBYXMFSA-N,1,,2004,1,1,F2,,,ChEMBL 36 REST API,https://www.ebi.ac.uk/chembl/api/data/molecule/CHEMBL266349.json,0,CHEMBL266349,Small molecule,4.0,chembl_max_phase_4,"chembl_pchembl>=6,n>=2",
900125,merbromin,O=C([O-])c1ccccc1-c1c2cc(Br)c(=O)cc-2oc2[c]([Hg+])c(O)c(Br)cc12,JTQWYPYCROTYNR-UHFFFAOYSA-M,1,,,1,0,,,multi_fragment;metal_stripped,PubChem PUG REST (name lookup; ChEMBL has no structure),"https://pubchem.ncbi.nlm.nih.gov/rest/pug/compound/cid/9853537/property/Title,SMILES/JSON",0,CHEMBL3833381,Small molecule,4.0,chembl_max_phase_4,,no structure in ChEMBL; SMILES from PubChem CID 9853537 (Title: Merbromin; identity confirmed by pubchem_title_agrees)
900126,merethoxylline procaine,COCCOC([CH2][Hg+])CNC(=O)c1ccccc1OCC(=O)O,HOYXNJIDDSNBQN-UHFFFAOYSA-N,1,,1982,1,0,,,multi_fragment;charged_parent,PubChem PUG REST (name lookup; ChEMBL has no structure),"https://pubchem.ncbi.nlm.nih.gov/rest/pug/compound/cid/72710718/property/Title,SMILES/JSON",0,CHEMBL1200443,Small molecule,4.0,chembl_max_phase_4,,no structure in ChEMBL; SMILES from PubChem CID 72710718 (Title: Procaine Merethoxylline; identity confirmed by pubchem_title_agrees)
900127,mersalyl,COC([CH2][Hg+])CNC(=O)c1ccccc1OCC(=O)[O-],VTCIJZPATSUMJC-UHFFFAOYSA-M,1,,1982,1,0,,,multi_fragment;metal_stripped,PubChem PUG REST (name lookup; ChEMBL has no structure),"https://pubchem.ncbi.nlm.nih.gov/rest/pug/compound/cid/9806195/property/Title,SMILES/JSON",0,CHEMBL1200943,Small molecule,4.0,chembl_max_phase_4,,no structure in ChEMBL; SMILES from PubChem CID 9806195 (Title: Mersalyl; identity confirmed by pubchem_title_agrees)
900128,metabromsalan,O=C(Nc1ccccc1)c1cc(Br)cc(Br)c1O,YALKQBRWLMDVSA-UHFFFAOYSA-N,1,,,1,0,,,,ChEMBL 36 REST API,https://www.ebi.ac.uk/chembl/api/data/molecule/CHEMBL1801800.json,1,CHEMBL1801800,Small molecule,4.0,chembl_max_phase_4,,
900129,methenamine hippurate,O=C(O)CNC(=O)c1ccccc1,QIAFMBKCNZACKA-UHFFFAOYSA-N,1,,1967,1,0,,,multi_fragment,ChEMBL 36 REST API,https://www.ebi.ac.uk/chembl/api/data/molecule/CHEMBL1201104.json,0,CHEMBL1201104,Small molecule,4.0,chembl_max_phase_4,,
900130,mipomersen sodium,COCCO[C@@H]1[C@H](SP(=O)(O)OC[C@H]2O[C@@H](n3cc(C)c(=O)[nH]c3=O)[C@H](OCCOC)[C@@H]2SP(=O)(O)OC[C@H]2O[C@@H](n3cc(C)c(N)nc3=O)[C@H](OCCOC)[C@@H]2SP(=O)(O)OC[C@H]2O[C@@H](n3cnc4c(N)ncnc43)C[C@@H]2SP(=O)(O)OC[C@H]2O[C@@H](n3cnc4c(=O)[nH]c(N)nc43)C[C@@H]2SP(=O)(O)OC[C@H]2O[C@@H](n3cc(C)c(=O)[nH]c3=O)C[C@@H]2SP(=O)(O)OC[C@H]2O[C@@H](n3cc(C)c(N)nc3=O)C[C@@H]2SP(=O)(O)OC[C@H]2O[C@@H](n3cc(C)c(=O)[nH]c3=O)C[C@@H]2SP(=O)(O)OC[C@H]2O[C@@H](n3cnc4c(=O)[nH]c(N)nc43)C[C@@H]2SP(=O)(O)OC[C@H]2O[C@@H](n3cc(C)c(N)nc3=O)C[C@@H]2SP(=O)(O)OC[C@H]2O[C@@H](n3cc(C)c(=O)[nH]c3=O)C[C@@H]2SP(=O)(O)OC[C@H]2O[C@@H](n3cc(C)c(=O)[nH]c3=O)C[C@@H]2SP(=O)(O)OC[C@H]2O[C@@H](n3cc(C)c(N)nc3=O)C[C@@H]2SP(=O)(O)OC[C@H]2O[C@@H](n3cnc4c(=O)[nH]c(N)nc43)[C@H](OCCOC)[C@@H]2SP(=O)(O)OC[C@@H]2O[C@H](n3cc(C)c(N)nc3=O)[C@@H](OCCOC)[C@H]2SP(=O)(O)OC[C@@H]2O[C@H](n3cnc4c(N)ncnc43)[C@@H](OCCOC)[C@H]2SP(=O)(O)OC[C@@H]2O[C@H](n3cc(C)c(N)nc3=O)[C@@H](OCCOC)[C@H]2SP(=O)(O)OC[C@@H]2O[C@H](n3cc(C)c(N)nc3=O)[C@@H](OCCOC)[C@H]2O)[C@@H](COP(=O)(O)S[C@H]2[C@@H](OCCOC)[C@H](n3cc(C)c(N)nc3=O)O[C@@H]2COP(=O)(O)S[C@H]2[C@@H](OCCOC)[C@H](n3cnc4c(=O)[nH]c(N)nc43)O[C@@H]2CO)O[C@H]1n1cc(C)c(N)nc1=O,TZRFSLHOCZEXCC-HIVFKXHNSA-N,1,,2013,1,0,,,multi_fragment;metal_stripped;dup_parent_inchikey,ChEMBL 36 REST API,https://www.ebi.ac.uk/chembl/api/data/molecule/CHEMBL502097.json,0,CHEMBL502097,Oligonucleotide,4.0,chembl_max_phase_4,,same parent structure as: MIPOMERSEN (CHEMBL2219536)
900131,mitapivat sulfate,O=C(c1ccc(NS(=O)(=O)c2cccc3cccnc23)cc1)N1CCN(CC2CC2)CC1,XAYGBKHKBBXDAK-UHFFFAOYSA-N,1,,2022,1,1,PKLR,PKLR,multi_fragment;dup_parent_inchikey,ChEMBL 36 REST API,https://www.ebi.ac.uk/chembl/api/data/molecule/CHEMBL4297223.json,0,CHEMBL4297223,Small molecule,4.0,chembl_max_phase_4,chembl_mechanism,same parent structure as: MITAPIVAT (CHEMBL4299940)
900132,mobocertinib,C=CC(=O)Nc1cc(Nc2ncc(C(=O)OC(C)C)c(-c3cn(C)c4ccccc34)n2)c(OC)cc1N(C)CCN(C)C,AZSRSNUQCUDCGG-UHFFFAOYSA-N,1,,2021,1,1,EGFR,EGFR,dup_parent_inchikey,ChEMBL 36 REST API,https://www.ebi.ac.uk/chembl/api/data/molecule/CHEMBL4650319.json,0,CHEMBL4650319,Small molecule,4.0,chembl_max_phase_4,"chembl_mechanism;chembl_pchembl>=6,n>=2",same parent structure as: MOBOCERTINIB SUCCINATE (CHEMBL4802239)
900133,momelotinib,N#CCNC(=O)c1ccc(-c2ccnc(Nc3ccc(N4CCOCC4)cc3)n2)cc1,ZVHNDZWQTBEVRY-UHFFFAOYSA-N,1,,2023,1,9,ACVR1;BMPR1A;BMPR1B;JAK1;JAK2;JAK3;NEK9;TGFBR1;TYK2,JAK1;JAK2,dup_parent_inchikey,ChEMBL 36 REST API,https://www.ebi.ac.uk/chembl/api/data/molecule/CHEMBL1078178.json,0,CHEMBL1078178,Small molecule,4.0,chembl_max_phase_4,"chembl_mechanism;chembl_pchembl>=6,n>=2","same parent structure as: MOMELOTINIB DIHYDROCHLORIDE (CHEMBL2219411), MOMELOTINIB DIHYDROCHLORIDE MONOHYDRATE (CHEMBL6068336)"
900134,monensin,CC[C@@]1([C@@H]2O[C@@H]([C@H]3O[C@@](O)(CO)[C@H](C)C[C@@H]3C)C[C@@H]2C)CC[C@H]([C@]2(C)CC[C@]3(C[C@H](O)[C@@H](C)[C@@H]([C@@H](C)[C@@H](OC)[C@H](C)C(=O)O)O3)O2)O1,GAOZTHIDHYLHMS-KEOBGNEYSA-N,1,,,1,0,,,,ChEMBL 36 REST API,https://www.ebi.ac.uk/chembl/api/data/molecule/CHEMBL256105.json,0,CHEMBL256105,Small molecule,4.0,chembl_max_phase_4,,
900135,monensin sodium,CC[C@@]1([C@H]2O[C@H]([C@H]3O[C@@](O)(CO)[C@H](C)C[C@@H]3C)C[C@H]2C)CC[C@H]([C@@]2(C)CC[C@]3(C[C@H](O)[C@@H](C)[C@@H]([C@H](C)[C@H](OC)[C@@H](C)C(=O)O)O3)O2)O1,GAOZTHIDHYLHMS-GDMSFIFLSA-N,1,,,1,0,,,multi_fragment;metal_stripped,ChEMBL 36 REST API,https://www.ebi.ac.uk/chembl/api/data/molecule/CHEMBL5314365.json,0,CHEMBL5314365,Small molecule,4.0,chembl_max_phase_4,,
900136,monomethyl fumarate,COC(=O)/C=C/C(=O)O,NKHAVTQWNUWKEO-NSCUHMNNSA-N,1,,2020,1,1,KEAP1,KEAP1,,ChEMBL 36 REST API,https://www.ebi.ac.uk/chembl/api/data/molecule/CHEMBL589586.json,0,CHEMBL589586,Small molecule,4.0,chembl_max_phase_4,chembl_mechanism,
900137,nafarelin acetate,CC(C)C[C@H](NC(=O)[C@@H](Cc1cccc2ccccc12)NC(=O)[C@H](Cc1ccc(O)cc1)NC(=O)[C@H](CO)NC(=O)[C@H](Cc1c[nH]c2ccccc12)NC(=O)[C@H](Cc1cnc[nH]1)NC(=O)[C@@H]1CCC(=O)N1)C(=O)N[C@@H](CCCNC(=N)N)C(=O)N1CCC[C@H]1C(=O)NCC(N)=O,PPXLVGBVOZLEIW-ITQXDASVSA-N,1,,1990,1,1,GNRHR,GNRHR,multi_fragment;dup_parent_inchikey,ChEMBL 36 REST API,https://www.ebi.ac.uk/chembl/api/data/molecule/CHEMBL1200671.json,0,CHEMBL1200671,Protein,4.0,chembl_max_phase_4,chembl_mechanism,same parent structure as: NAFARELIN (CHEMBL1201309)
900138,nirmatrelvir,CC(C)(C)[C@H](NC(=O)C(F)(F)F)C(=O)N1C[C@H]2[C@@H]([C@H]1C(=O)N[C@H](C#N)C[C@@H]1CCNC1=O)C2(C)C,LIENCHBZNNMNKG-OJFNHCPVSA-N,1,,2023,1,0,,,,ChEMBL 36 REST API,https://www.ebi.ac.uk/chembl/api/data/molecule/CHEMBL4802135.json,0,CHEMBL4802135,Small molecule,4.0,chembl_max_phase_4,,
900139,nirogacestat,CCC[C@H](N[C@H]1CCc2cc(F)cc(F)c2C1)C(=O)Nc1cn(C(C)(C)CNCC(C)(C)C)cn1,VFCRKLWBYMDAED-REWPJTCUSA-N,1,,2023,1,6,APH1A;APH1B;NCSTN;PSEN1;PSEN2;PSENEN,APH1A;APH1B;NCSTN;PSEN1;PSEN2;PSENEN,dup_parent_inchikey,ChEMBL 36 REST API,https://www.ebi.ac.uk/chembl/api/data/molecule/CHEMBL1770916.json,0,CHEMBL1770916,Small molecule,4.0,chembl_max_phase_4,"chembl_mechanism;chembl_pchembl>=6,n>=2",same parent structure as: NIROGACESTAT HYDROBROMIDE (CHEMBL4298153)
900140,nonoxynol 9,CCCCCCCCCc1ccc(OCCOCCOCCOCCOCCOCCOCCOCCOCCO)cc1,FBWNMEQMRUMQSO-UHFFFAOYSA-N,1,,1982,1,0,,,,ChEMBL 36 REST API,https://www.ebi.ac.uk/chembl/api/data/molecule/CHEMBL1410.json,0,CHEMBL1410,Small molecule,4.0,chembl_max_phase_4,,
900141,odevixibat,CCCCC1(CCCC)CN(c2ccccc2)c2cc(SC)c(OCC(=O)N[C@@H](C(=O)N[C@@H](CC)C(=O)O)c3ccc(O)cc3)cc2S(=O)(=O)N1,XULSCZPZVQIMFM-IPZQJPLYSA-N,1,,2021,1,1,SLC10A2,SLC10A2,dup_parent_inchikey,ChEMBL 36 REST API,https://www.ebi.ac.uk/chembl/api/data/molecule/CHEMBL4297588.json,0,CHEMBL4297588,Small molecule,4.0,chembl_max_phase_4,chembl_mechanism,same parent structure as: ODEVIXIBAT SESQUIHYDRATE (CHEMBL5315120)
900142,olutasidenib,C[C@H](Nc1ccc(C#N)n(C)c1=O)c1cc2cc(Cl)ccc2[nH]c1=O,NEQYWYXGTJDAKR-JTQLQIEISA-N,1,,2022,1,1,IDH1,IDH1,,ChEMBL 36 REST API,https://www.ebi.ac.uk/chembl/api/data/molecule/CHEMBL4297610.json,0,CHEMBL4297610,Small molecule,4.0,chembl_max_phase_4,"chembl_mechanism;chembl_pchembl>=6,n>=2",
900143,omaveloxolone,CC1(C)CC[C@]2(NC(=O)C(C)(F)F)CC[C@]3(C)[C@H](C(=O)C=C4[C@@]5(C)C=C(C#N)C(=O)C(C)(C)[C@@H]5CC[C@]43C)[C@@H]2C1,RJCWBNBKOKFWNY-IDPLTSGASA-N,1,,2023,1,1,NFE2L2,NFE2L2,,ChEMBL 36 REST API,https://www.ebi.ac.uk/chembl/api/data/molecule/CHEMBL4303525.json,0,CHEMBL4303525,Small molecule,4.0,chembl_max_phase_4,chembl_mechanism,
900144,omega-3-acid ethyl esters,CC/C=C\C/C=C\C/C=C\C/C=C\C/C=C\C/C=C\CCC(=O)OCC,ITNKVODZACVXDS-YNUSHXQLSA-N,1,,2004,1,0,,,multi_fragment,ChEMBL 36 REST API,https://www.ebi.ac.uk/chembl/api/data/molecule/CHEMBL1200711.json,0,CHEMBL1200711,Small molecule,4.0,chembl_max_phase_4,,
900145,omega-3-carboxylic acids,CC/C=C\C/C=C\C/C=C\C/C=C\C/C=C\CCCCCC(=O)O,YUFFSWGQGVEMMI-JLNKQSITSA-N,1,,2014,1,0,,,multi_fragment,ChEMBL 36 REST API,https://www.ebi.ac.uk/chembl/api/data/molecule/CHEMBL3137327.json,0,CHEMBL3137327,Unknown,4.0,chembl_max_phase_4,,
900146,oteseconazole,O[C@@](Cn1cnnn1)(c1ccc(F)cc1F)C(F)(F)c1ccc(-c2ccc(OCC(F)(F)F)cc2)cn1,IDUYJRXRDSPPRC-NRFANRHFSA-N,1,,2022,1,0,,,,ChEMBL 36 REST API,https://www.ebi.ac.uk/chembl/api/data/molecule/CHEMBL3311228.json,0,CHEMBL3311228,Small molecule,4.0,chembl_max_phase_4,,
900147,oxaliplatin,N[C@@H]1CCCC[C@H]1N,SSJXIUAHEKJCMH-PHDIDXHHSA-N,1,,2002,1,0,,,multi_fragment;metal_stripped,PubChem PUG REST (name lookup; ChEMBL has no structure),"https://pubchem.ncbi.nlm.nih.gov/rest/pug/compound/cid/9887053/property/Title,SMILES/JSON",0,CHEMBL414804,Small molecule,4.0,chembl_max_phase_4,,"no structure in ChEMBL; SMILES from PubChem CID 9887053 (Title: cis-oxalato-trans-l-1,2-diaminocyclohexaneplatinum(II); identity confirmed by pubchem_name_index_only)"
900148,oxybate,O=C(O)CCCO,SJZRECIVHVDYJC-UHFFFAOYSA-N,1,,2002,1,0,,,dup_parent_inchikey,ChEMBL 36 REST API,https://www.ebi.ac.uk/chembl/api/data/molecule/CHEMBL1342.json,0,CHEMBL1342,Small molecule,4.0,chembl_max_phase_4,,"same parent structure as: SODIUM OXYBATE (CHEMBL1200682), CALCIUM OXYBATE (CHEMBL4594393), MAGNESIUM OXYBATE (CHEMBL4594394), POTASSIUM OXYBATE (CHEMBL4594395)"
900149,pacritinib,C1=N/C2=N/c3ccc(OCCN4CCCC4)c(c3)COC/C=C/COCc3cccc(c3)C(=C1)N2,HWXVIOGONBBTBY-ONEGZZNKSA-N,1,,2022,1,6,FLT3;IRAK1;JAK1;JAK2;JAK3;TYK2,FLT3;JAK2,dup_parent_inchikey,ChEMBL 36 REST API,https://www.ebi.ac.uk/chembl/api/data/molecule/CHEMBL2035187.json,0,CHEMBL2035187,Small molecule,4.0,chembl_max_phase_4,"chembl_mechanism;chembl_pchembl>=6,n>=2",same parent structure as: PACRITINIB CITRATE (CHEMBL5095049)
900150,padeliporfin,CC[C@H]1c2cc3[nH]c(c(CC(=O)OC)c4nc(cc5[nH]c(cc(n2)[C@@H]1C)c(C(C)=O)c5C)[C@@H](C)[C@@H]4CCC(=O)O)c(C(=O)NCCS(=O)(=O)O)c3C,IKDNYFNBRFYHNO-FKKSXTGDSA-N,1,,,1,0,,,multi_fragment;metal_stripped,PubChem PUG REST (name lookup; ChEMBL has no structure),"https://pubchem.ncbi.nlm.nih.gov/rest/pug/compound/cid/171041442/property/Title,SMILES/JSON",0,CHEMBL4594284,Small molecule,4.0,chembl_max_phase_4,,no structure in ChEMBL; SMILES from PubChem CID 171041442 (Title: Padeliporfin; identity confirmed by pubchem_title_agrees)
900151,padeliporfin potassium,CC[C@H]1C2=CC3=NC(=C(CC(=O)OC)C4=NC(=CC5=C(C)/C(=C(\C)O)C(=N5)C=C(N2)[C@@H]1C)[C@@H](C)[C@@H]4CCC(=O)O)C(C(O)=NCCS(=O)(=O)O)=C3C,KZIKEOGUKFUHKS-NUAFDZNWSA-N,1,,2017,1,0,,,multi_fragment;metal_stripped,PubChem PUG REST (name lookup; ChEMBL has no structure),"https://pubchem.ncbi.nlm.nih.gov/rest/pug/compound/cid/135391044/property/Title,SMILES/JSON",0,CHEMBL4594285,Small molecule,4.0,chembl_max_phase_4,,no structure in ChEMBL; SMILES from PubChem CID 135391044 (Title: Padeliporfin Potassium; identity confirmed by pubchem_title_agrees)
900152,pafolacianine,CC1(C)C(/C=C/C2=C(Oc3ccc(C[C@H](NC(=O)c4ccc(NCc5cnc6nc(N)[nH]c(=O)c6n5)cc4)C(=O)O)cc3)C(=C/C=C3\N(CCCCS(=O)(=O)O)c4ccc(S(=O)(=O)[O-])cc4C3(C)C)/CCC2)=[N+](CCCCS(=O)(=O)O)c2ccc(S(=O)(=O)O)cc21,PDXNSXLPXJFETD-DYVQZXGMSA-N,1,,2021,1,0,,,multi_fragment;dup_parent_inchikey,ChEMBL 36 REST API,https://www.ebi.ac.uk/chembl/api/data/molecule/CHEMBL4297412.json,0,CHEMBL4297412,Small molecule,4.0,chembl_max_phase_4,,same parent structure as: PAFOLACIANINE SODIUM (CHEMBL4594383)
900153,palovarotene,CC1(C)CCC(C)(C)c2cc(Cn3cccn3)c(/C=C/c3ccc(C(=O)O)cc3)cc21,YTFHCXIPDIHOIA-DHZHZOJOSA-N,1,,2023,1,1,RARG,RARG,,ChEMBL 36 REST API,https://www.ebi.ac.uk/chembl/api/data/molecule/CHEMBL2105648.json,0,CHEMBL2105648,Small molecule,4.0,chembl_max_phase_4,chembl_mechanism,
900154,peficitinib,NC(=O)c1cnc2[nH]ccc2c1N[C@@H]1[C@@H]2CC3C[C@H]1C[C@@](O)(C3)C2,DREIJXJRTLTGJC-ZLBJMMTISA-N,1,,2019,1,4,JAK1;JAK2;JAK3;TYK2,JAK1;JAK2;JAK3;TYK2,dup_parent_inchikey,ChEMBL 36 REST API,https://www.ebi.ac.uk/chembl/api/data/molecule/CHEMBL3137308.json,0,CHEMBL3137308,Small molecule,4.0,chembl_max_phase_4,"chembl_mechanism;chembl_pchembl>=6,n>=2",same parent structure as: PEFICITINIB HYDROBROMIDE (CHEMBL3137329)
900155,perfluorohexyloctane,CCCCCCCCC(F)(F)C(F)(F)C(F)(F)C(F)(F)C(F)(F)C(F)(F)F,WRYIIOKOQSICTB-UHFFFAOYSA-N,1,,2023,1,0,,,,ChEMBL 36 REST API,https://www.ebi.ac.uk/chembl/api/data/molecule/CHEMBL5314588.json,0,CHEMBL5314588,Small molecule,4.0,chembl_max_phase_4,,
900156,pifoxime,C/C(=N\O)c1ccc(OCC(=O)N2CCCCC2)cc1,XUDSQIDNHJMBBW-FOWTUZBSSA-N,1,,,1,0,,,,ChEMBL 36 REST API,https://www.ebi.ac.uk/chembl/api/data/molecule/CHEMBL1998966.json,1,CHEMBL1998966,Small molecule,4.0,chembl_max_phase_4,,
900157,pirtobrutinib,COc1ccc(F)cc1C(=O)NCc1ccc(-c2nn([C@@H](C)C(F)(F)F)c(N)c2C(N)=O)cc1,FWZAWAUZXYCBKZ-NSHDSACASA-N,1,,2023,1,1,BTK,BTK,,ChEMBL 36 REST API,https://www.ebi.ac.uk/chembl/api/data/molecule/CHEMBL4650485.json,0,CHEMBL4650485,Small molecule,4.0,chembl_max_phase_4,"chembl_mechanism;chembl_pchembl>=6,n>=2",
900158,plicamycin,CO[C@H](C(=O)[C@@H](O)[C@@H](C)O)[C@@H]1Cc2cc3cc(O[C@H]4C[C@@H](O[C@@H]5C[C@@H](O)[C@H](O)[C@@H](C)O5)[C@H](O)[C@@H](C)O4)c(C)c(O)c3c(O)c2C(=O)[C@H]1O[C@H]1C[C@@H](O[C@@H]2C[C@@H](O)[C@@H](O[C@@H]3C[C@](C)(O)[C@H](O)[C@@H](C)O3)[C@@H](C)O2)[C@H](O)[C@@H](C)O1,XDKMHMINQXATOR-RCFLUEAHSA-N,1,,1970,1,0,,,,ChEMBL 36 REST API,https://www.ebi.ac.uk/chembl/api/data/molecule/CHEMBL1237054.json,0,CHEMBL1237054,Small molecule,4.0,chembl_max_phase_4,,
900159,plitidepsin,CC[C@H](C)[C@H]1NC(=O)[C@@H](NC(=O)[C@@H](CC(C)C)N(C)C(=O)[C@@H]2CCCN2C(=O)C(C)=O)[C@@H](C)OC(=O)[C@H](Cc2ccc(OC)cc2)N(C)C(=O)[C@@H]2CCCN2C(=O)[C@H](CC(C)C)NC(=O)[C@@H](C)C(=O)[C@H](C(C)C)OC(=O)C[C@@H]1O,UUSZLLQJYRSZIS-LXNNNBEUSA-N,1,,2018,1,1,EEF1A2,EEF1A2,,ChEMBL 36 REST API,https://www.ebi.ac.uk/chembl/api/data/molecule/CHEMBL451930.json,0,CHEMBL451930,Small molecule,4.0,chembl_max_phase_4,chembl_mechanism,
900160,polidocanol,CCCCCCCCCCCCOCCOCCOCCOCCOCCOCCOCCOCCOCCO,ONJQDTZCDSESIW-UHFFFAOYSA-N,1,,2010,1,0,,,,PubChem PUG REST (name lookup; ChEMBL has no structure),"https://pubchem.ncbi.nlm.nih.gov/rest/pug/compound/cid/656641/property/Title,SMILES/JSON",0,CHEMBL6067961,Small molecule,4.0,chembl_max_phase_4,,no structure in ChEMBL; SMILES from PubChem CID 656641 (Title: Nonaethylene Glycol Monododecyl Ether; identity confirmed by pubchem_name_index_only)
900161,polihexanide,CCCCCCNC(=N)NC(=N)N,VAZJLPXFVQHDFB-UHFFFAOYSA-N,1,,2024,1,0,,,,ChEMBL 36 REST API,https://www.ebi.ac.uk/chembl/api/data/molecule/CHEMBL2106939.json,0,CHEMBL2106939,Small molecule,4.0,chembl_max_phase_4,,
900162,potassium chloride,[K+],NPYPAHLBTDXSSS-UHFFFAOYSA-N,1,,1982,1,0,,,multi_fragment;inorganic;element;charged_parent,ChEMBL 36 REST API,https://www.ebi.ac.uk/chembl/api/data/molecule/CHEMBL1200731.json,0,CHEMBL1200731,Small molecule,4.0,chembl_max_phase_4,,
900163,potassium iodide,I,XMBWDFGMSWQBCA-UHFFFAOYSA-N,1,,1979,1,0,,,multi_fragment;inorganic;element;metal_stripped;dup_parent_inchikey,ChEMBL 36 REST API,https://www.ebi.ac.uk/chembl/api/data/molecule/CHEMBL1141.json,0,CHEMBL1141,Small molecule,4.0,chembl_max_phase_4,,same parent structure as: SODIUM IODIDE (CHEMBL1644695)
900164,potassium perchlorate,[O-][Cl+3]([O-])([O-])O,VLTRZXGMWDSKGL-UHFFFAOYSA-N,1,,1974,1,0,,,multi_fragment;inorganic;metal_stripped,ChEMBL 36 REST API,https://www.ebi.ac.uk/chembl/api/data/molecule/CHEMBL1200696.json,0,CHEMBL1200696,Small molecule,4.0,chembl_max_phase_4,,
900165,pyrantel pamoate,O=C(O)c1cc2ccccc2c(Cc2c(O)c(C(=O)O)cc3ccccc23)c1O,WLJNZVDCPSBLRP-UHFFFAOYSA-N,1,,,1,0,,,multi_fragment;dup_parent_inchikey,ChEMBL 36 REST API,https://www.ebi.ac.uk/chembl/api/data/molecule/CHEMBL1599768.json,0,CHEMBL1599768,Small molecule,4.0,chembl_max_phase_4,,"same parent structure as: OLANZAPINE PAMOATE (CHEMBL3989694), IMIPRAMINE PAMOATE (CHEMBL3989845)"
900166,ranelic acid,N#Cc1c(N(CC(=O)O)CC(=O)O)sc(C(=O)O)c1CC(=O)O,DJSXNILVACEBLP-UHFFFAOYSA-N,1,,2004,1,0,,,dup_parent_inchikey,ChEMBL 36 REST API,https://www.ebi.ac.uk/chembl/api/data/molecule/CHEMBL2107175.json,0,CHEMBL2107175,Small molecule,4.0,chembl_max_phase_4,,same parent structure as: STRONTIUM RANELATE (CHEMBL3707306)
900167,repotrectinib,C[C@H]1CNC(=O)c2cnn3ccc(nc23)N[C@H](C)c2cc(F)ccc2O1,FIKPXCOQUIZNHB-WDEREUQCSA-N,1,,2023,1,8,ALK;CD74;JAK2;NTRK1;NTRK2;NTRK3;ROS1;SDC4,CD74;NTRK1;NTRK2;NTRK3;ROS1;SDC4,,ChEMBL 36 REST API,https://www.ebi.ac.uk/chembl/api/data/molecule/CHEMBL4298138.json,0,CHEMBL4298138,Small molecule,4.0,chembl_max_phase_4,"chembl_mechanism;chembl_pchembl>=6,n>=2",
900168,resmetirom,CC(C)c1cc(Oc2c(Cl)cc(-n3nc(C#N)c(=O)[nH]c3=O)cc2Cl)n[nH]c1=O,FDBYIYFVSAHJLY-UHFFFAOYSA-N,1,,2024,1,1,THRB,THRB,,ChEMBL 36 REST API,https://www.ebi.ac.uk/chembl/api/data/molecule/CHEMBL3261331.json,0,CHEMBL3261331,Small molecule,4.0,chembl_max_phase_4,"chembl_mechanism;chembl_pchembl>=6,n>=2",
900169,revumenib,CCN(C(=O)c1cc(F)ccc1Oc1cncnc1N1CC2(CCN(C[C@H]3CC[C@H](NS(=O)(=O)CC)CC3)CC2)C1)C(C)C,FRVSRBKUQZKTOW-YOCNBXQISA-N,1,,2024,1,0,,,dup_parent_inchikey,ChEMBL 36 REST API,https://www.ebi.ac.uk/chembl/api/data/molecule/CHEMBL4650827.json,0,CHEMBL4650827,Small molecule,4.0,chembl_max_phase_4,,same parent structure as: REVUMENIB CITRATE (CHEMBL6068395)
900170,rezafungin acetate,CCCCCOc1ccc(-c2ccc(-c3ccc(C(=O)N[C@H]4C[C@@H](O)[C@@H](OCC[N+](C)(C)C)NC(=O)[C@@H]5[C@@H](O)[C@@H](C)CN5C(=O)[C@H]([C@@H](C)O)NC(=O)[C@H]([C@H](O)[C@@H](O)c5ccc(O)cc5)NC(=O)[C@@H]5C[C@@H](O)CN5C(=O)[C@H]([C@@H](C)O)NC4=O)cc3)cc2)cc1,LNFCWEXGZIEGJW-TXSVMFMRSA-O,1,,2023,1,0,,,multi_fragment;charged_parent;dup_parent_inchikey,ChEMBL 36 REST API,https://www.ebi.ac.uk/chembl/api/data/molecule/CHEMBL3989928.json,0,CHEMBL3989928,Small molecule,4.0,chembl_max_phase_4,,same parent structure as: REZAFUNGIN (CHEMBL3989945)
900171,ritlecitinib,C=CC(=O)N1C[C@H](Nc2ncnc3[nH]ccc23)CC[C@@H]1C,CBRJPFGIXUFMTM-WDEREUQCSA-N,1,,2023,1,6,BMX;BTK;ITK;JAK3;TEC;TXK,BMX;BTK;ITK;JAK3;TEC;TXK,dup_parent_inchikey,ChEMBL 36 REST API,https://www.ebi.ac.uk/chembl/api/data/molecule/CHEMBL4085457.json,0,CHEMBL4085457,Small molecule,4.0,chembl_max_phase_4,"chembl_mechanism;chembl_pchembl>=6,n>=2",same parent structure as: RITLECITINIB TOSYLATE (CHEMBL5314649)
900172,rose bengal free acid,O=C(O)c1c(Cl)c(Cl)c(Cl)c(Cl)c1-c1c2cc(I)c(=O)c(I)c-2oc2c(I)c(O)c(I)cc12,VDNLFJGJEQUWRB-UHFFFAOYSA-N,1,,1971,1,0,,,,ChEMBL 36 REST API,https://www.ebi.ac.uk/chembl/api/data/molecule/CHEMBL1208422.json,0,CHEMBL1208422,Small molecule,4.0,chembl_max_phase_4,,
900173,rose bengal sodium i 131,O=C(O)c1c(Cl)c(Cl)c(Cl)c(Cl)c1-c1c2cc([131I])c(=O)c(I)c-2oc2c(I)c(O)c([131I])cc12,VDNLFJGJEQUWRB-GRMCBZHISA-N,1,,1971,1,0,,,multi_fragment;metal_stripped,ChEMBL 36 REST API,https://www.ebi.ac.uk/chembl/api/data/molecule/CHEMBL3989461.json,0,CHEMBL3989461,Small molecule,4.0,chembl_max_phase_4,,
900174,rubidium chloride,[Rb+],NCCSSGKUIKYAJD-UHFFFAOYSA-N,1,,1989,1,0,,,multi_fragment;inorganic;element;charged_parent,ChEMBL 36 REST API,https://www.ebi.ac.uk/chembl/api/data/molecule/CHEMBL2110557.json,0,CHEMBL2110557,Small molecule,4.0,chembl_max_phase_4,,
900175,rubidium chloride rb 82,[82Rb+],NCCSSGKUIKYAJD-OIOBTWANSA-N,1,,1989,1,0,,,multi_fragment;inorganic;element;charged_parent,ChEMBL 36 REST API,https://www.ebi.ac.uk/chembl/api/data/molecule/CHEMBL1200727.json,0,CHEMBL1200727,Small molecule,4.0,chembl_max_phase_4,,
900176,samarium sm 153 lexidronam pentasodium,O=P(O)(O)CN(CCN(CP(=O)(O)O)CP(=O)(O)O)CP(=O)(O)O,NFDRPXJGHKJRLJ-UHFFFAOYSA-N,1,,1997,1,0,,,multi_fragment;metal_stripped,PubChem PUG REST (name lookup; ChEMBL has no structure),"https://pubchem.ncbi.nlm.nih.gov/rest/pug/compound/cid/9810246/property/Title,SMILES/JSON",0,CHEMBL2096660,Small molecule,4.0,chembl_max_phase_4,,no structure in ChEMBL; SMILES from PubChem CID 9810246 (Title: Samarium Sm-153 Lexidronam Pentasodium; identity confirmed by pubchem_title_agrees)
900177,seladelpar,CCO[C@H](COc1ccc(C(F)(F)F)cc1)CSc1ccc(OCC(=O)O)c(C)c1,JWHYSEDOYMYMNM-QGZVFWFLSA-N,1,,2024,1,1,PPARD,PPARD,dup_parent_inchikey,ChEMBL 36 REST API,https://www.ebi.ac.uk/chembl/api/data/molecule/CHEMBL230158.json,0,CHEMBL230158,Small molecule,4.0,chembl_max_phase_4,"chembl_mechanism;chembl_pchembl>=6,n>=2",same parent structure as: SELADELPAR LYSINE (CHEMBL3989960)
900178,selenious acid,O=[Se](O)O,MCAHWIHFGHIESP-UHFFFAOYSA-N,1,,2019,1,0,,,inorganic,ChEMBL 36 REST API,https://www.ebi.ac.uk/chembl/api/data/molecule/CHEMBL2009089.json,0,CHEMBL2009089,Small molecule,4.0,chembl_max_phase_4,,
900179,silver nitrate,O=[N+]([O-])O,GRYLNZFGIOXLOG-UHFFFAOYSA-N,1,,,1,0,,,multi_fragment;inorganic;metal_stripped;dup_parent_inchikey,ChEMBL 36 REST API,https://www.ebi.ac.uk/chembl/api/data/molecule/CHEMBL177367.json,0,CHEMBL177367,Small molecule,4.0,chembl_max_phase_4,,"same parent structure as: POTASSIUM NITRATE (CHEMBL1644029), GALLIUM NITRATE (CHEMBL1200983)"
900180,sodium bicarbonate,O=C(O)O,BVKZGUZCCUSVTD-UHFFFAOYSA-N,1,,1982,1,0,,,multi_fragment;metal_stripped;dup_parent_inchikey,ChEMBL 36 REST API,https://www.ebi.ac.uk/chembl/api/data/molecule/CHEMBL1353.json,0,CHEMBL1353,Small molecule,4.0,chembl_max_phase_4,,"same parent structure as: SODIUM CARBONATE (CHEMBL186314), CALCIUM CARBONATE (CHEMBL1200539), MAGNESIUM CARBONATE (CHEMBL1200736), LITHIUM CARBONATE (CHEMBL1200826), POTASSIUM BICARBONATE (CHEMBL2106975), HYDROTALCITE (CHEMBL3833351), HYDROTALCITE ANHYDROUS (CHEMBL3833409), LANTHANUM CARBONATE (CHEMBL2096647)"
900181,sodium chromate,[O]=[Cr](=[O])([OH])[OH],KRVSOGSZCMJSLX-UHFFFAOYSA-L,1,,1982,1,0,,,multi_fragment;inorganic;metal_stripped,PubChem PUG REST (name lookup; ChEMBL has no structure),"https://pubchem.ncbi.nlm.nih.gov/rest/pug/compound/cid/24488/property/Title,SMILES/JSON",0,CHEMBL2110574,Small molecule,4.0,chembl_max_phase_4,,no structure in ChEMBL; SMILES from PubChem CID 24488 (Title: Sodium Chromate; identity confirmed by pubchem_title_agrees)
900182,sodium chromate cr 51,[O]=[51Cr](=[O])([OH])[OH],KRVSOGSZCMJSLX-HONVGLGOSA-L,1,,1982,1,0,,,multi_fragment;inorganic;metal_stripped,PubChem PUG REST (name lookup; ChEMBL has no structure),"https://pubchem.ncbi.nlm.nih.gov/rest/pug/compound/cid/3080662/property/Title,SMILES/JSON",0,CHEMBL2096634,Small molecule,4.0,chembl_max_phase_4,,no structure in ChEMBL; SMILES from PubChem CID 3080662 (Title: Sodium Chromate Cr-51; identity confirmed by pubchem_title_agrees)
900183,sodium fluoride,[Na+],FKNQFGJONOIPTF-UHFFFAOYSA-N,1,,1972,1,0,,,multi_fragment;inorganic;element;charged_parent;dup_parent_inchikey,ChEMBL 36 REST API,https://www.ebi.ac.uk/chembl/api/data/molecule/CHEMBL1528.json,0,CHEMBL1528,Small molecule,4.0,chembl_max_phase_4,,same parent structure as: SODIUM FLUORIDE F 18 (CHEMBL1200744)
900184,sodium gluconate,O=C(O)[C@H]1O[C@H](O)[C@H](O)[C@@H](O)[C@@H]1O,AEMOLEFTQBMNLQ-WAXACMCWSA-N,1,,1982,1,0,,,multi_fragment;metal_stripped,ChEMBL 36 REST API,https://www.ebi.ac.uk/chembl/api/data/molecule/CHEMBL2068884.json,0,CHEMBL2068884,Small molecule,4.0,chembl_max_phase_4,,
900185,sodium hypochlorite,OCl,QWPPOHNGKGFGJK-UHFFFAOYSA-N,1,,,1,0,,,multi_fragment;inorganic;metal_stripped;dup_parent_inchikey,ChEMBL 36 REST API,https://www.ebi.ac.uk/chembl/api/data/molecule/CHEMBL1334078.json,0,CHEMBL1334078,Small molecule,4.0,chembl_max_phase_4,,same parent structure as: HYPOCHLOROUS ACID (CHEMBL1616046)
900186,sodium iodide i 123,[123IH],XMBWDFGMSWQBCA-AHCXROLUSA-N,1,,1976,1,0,,,multi_fragment;inorganic;element;metal_stripped,ChEMBL 36 REST API,https://www.ebi.ac.uk/chembl/api/data/molecule/CHEMBL1201083.json,0,CHEMBL1201083,Small molecule,4.0,chembl_max_phase_4,,
900187,sodium iodide i 131,[131IH],XMBWDFGMSWQBCA-RNFDNDRNSA-N,1,,1982,1,0,,,multi_fragment;inorganic;element;metal_stripped,ChEMBL 36 REST API,https://www.ebi.ac.uk/chembl/api/data/molecule/CHEMBL1201084.json,0,CHEMBL1201084,Small molecule,4.0,chembl_max_phase_4,,
900188,sodium monofluorophosphate,O=P(O)(O)F,DWYMPOCYEZONEA-UHFFFAOYSA-N,1,,1986,1,0,,,multi_fragment;inorganic;metal_stripped,ChEMBL 36 REST API,https://www.ebi.ac.uk/chembl/api/data/molecule/CHEMBL1908359.json,0,CHEMBL1908359,Small molecule,4.0,chembl_max_phase_4,,
900189,sodium nitrite,O=NO,IOVCWXUNBOPUCH-UHFFFAOYSA-N,1,,2011,1,0,,,multi_fragment;inorganic;metal_stripped;dup_parent_inchikey,ChEMBL 36 REST API,https://www.ebi.ac.uk/chembl/api/data/molecule/CHEMBL93268.json,0,CHEMBL93268,Small molecule,4.0,chembl_max_phase_4,,same parent structure as: NITROUS ACID (CHEMBL1161681)
900190,sodium nitroprusside,C#N,LELOWRISYMNNSU-UHFFFAOYSA-N,1,,1981,1,0,,,multi_fragment;metal_stripped;dup_parent_inchikey,PubChem PUG REST (name lookup; ChEMBL has no structure),"https://pubchem.ncbi.nlm.nih.gov/rest/pug/compound/cid/11953895/property/Title,SMILES/JSON",0,CHEMBL136478,Small molecule,4.0,chembl_max_phase_4,,no structure in ChEMBL; SMILES from PubChem CID 11953895 (Title: Sodium nitroprusside dihydrate; identity confirmed by pubchem_title_agrees); same parent structure as: PRUSSIAN BLUE INSOLUBLE (CHEMBL2096629)
900191,sodium pertechnetate,[O]=[Tc](=[O])(=[O])[OH],UTQISYNNAQMRBN-UHFFFAOYSA-M,1,,1982,1,0,,,multi_fragment;inorganic;metal_stripped,PubChem PUG REST (name lookup; ChEMBL has no structure),"https://pubchem.ncbi.nlm.nih.gov/rest/pug/compound/cid/74086836/property/Title,SMILES/JSON",0,CHEMBL2110571,Small molecule,4.0,chembl_max_phase_4,,no structure in ChEMBL; SMILES from PubChem CID 74086836 (Title: Sodium pertechnetate; identity confirmed by pubchem_title_agrees)
900192,sodium pertechnetate tc 99m,[O]=[99Tc](=[O])(=[O])[OH],UTQISYNNAQMRBN-RCUQKECRSA-M,1,,1982,1,0,,,multi_fragment;inorganic;metal_stripped,PubChem PUG REST (name lookup; ChEMBL has no structure),"https://pubchem.ncbi.nlm.nih.gov/rest/pug/compound/cid/23689036/property/Title,SMILES/JSON",0,CHEMBL2096641,Small molecule,4.0,chembl_max_phase_4,,no structure in ChEMBL; SMILES from PubChem CID 23689036 (Title: Technetium TC-99M sodium pertechnetate; identity confirmed by pubchem_title_agrees)
900193,sodium picosulfate,O=S(=O)(O)Oc1ccc(C(c2ccc(OS(=O)(=O)O)cc2)c2ccccn2)cc1,UJIDKYTZIQTXPM-UHFFFAOYSA-N,1,,2012,1,0,,,multi_fragment;metal_stripped;dup_parent_inchikey,ChEMBL 36 REST API,https://www.ebi.ac.uk/chembl/api/data/molecule/CHEMBL1697768.json,0,CHEMBL1697768,Small molecule,4.0,chembl_max_phase_4,,same parent structure as: PICOSULFURIC ACID (CHEMBL1741134)
900194,sodium sulfate anhydrous,O=S(=O)(O)O,QAOWNCQODCNURD-UHFFFAOYSA-N,1,,1984,1,0,,,multi_fragment;inorganic;metal_stripped;dup_parent_inchikey,ChEMBL 36 REST API,https://www.ebi.ac.uk/chembl/api/data/molecule/CHEMBL233406.json,0,CHEMBL233406,Small molecule,4.0,chembl_max_phase_4,,"same parent structure as: ZINC SULFATE (CHEMBL1200929), MAGNESIUM SULFATE ANHYDROUS (CHEMBL2021423), POTASSIUM SULFATE (CHEMBL2021424), BARIUM SULFATE (CHEMBL2105897), MAGALDRATE (CHEMBL3833350), MAGALDRATE ANHYDROUS (CHEMBL3833408), SODIUM SULFATE (CHEMBL3989856), MAGNESIUM SULFATE (CHEMBL3989857), CUPRIC SULFATE (CHEMBL604), MANGANESE SULFATE ANHYDROUS (CHEMBL1200557), FERROUS SULFATE (CHEMBL1200830), MANGANESE SULFATE (CHEMBL2103742)"
900195,sodium zirconium cyclosilicate,O[Si]1(O)O[Si](O)(O)O[Si](O)(O)O1,WWKQZIMLZGFMEC-UHFFFAOYSA-N,1,,2018,1,0,,,multi_fragment;inorganic;metal_stripped,PubChem PUG REST (name lookup; ChEMBL has no structure),"https://pubchem.ncbi.nlm.nih.gov/rest/pug/compound/cid/155804812/property/Title,SMILES/JSON",0,CHEMBL3301592,Small molecule,4.0,chembl_max_phase_4,,no structure in ChEMBL; SMILES from PubChem CID 155804812 (Title: Sodium Zirconium Cyclosilicate; identity confirmed by pubchem_title_agrees)
900196,somapacitan,C=C(CCCCCCCCCCCCCCCc1nnn[nH]1)NS(=O)(=O)CCCC(=O)NCCOCCOCC(=O)N[C@@H](CCC(=O)N[C@@H](CCC(=O)NCCOCCOCC(=O)N[C@@H](CCCCNC(=O)CSC[C@H](N)C(=O)O)C(N)=O)C(=O)O)C(=O)O,NAKSIOUBFDBTSW-ITMZJIMRSA-N,1,,2020,1,1,GHR,GHR,,ChEMBL 36 REST API,https://www.ebi.ac.uk/chembl/api/data/molecule/CHEMBL3707290.json,0,CHEMBL3707290,Small molecule,4.0,chembl_max_phase_4,chembl_mechanism,
900197,sotorasib,C=CC(=O)N1CCN(c2nc(=O)n(-c3c(C)ccnc3C(C)C)c3nc(-c4c(O)cccc4F)c(F)cc23)[C@@H](C)C1,NXQKSXLFSAEQCZ-SFHVURJKSA-N,1,,2021,1,1,KRAS,KRAS,,ChEMBL 36 REST API,https://www.ebi.ac.uk/chembl/api/data/molecule/CHEMBL4535757.json,0,CHEMBL4535757,Small molecule,4.0,chembl_max_phase_4,"chembl_mechanism;chembl_pchembl>=6,n>=2",
900198,sparsentan,CCCCC1=NC2(CCCC2)C(=O)N1Cc1ccc(-c2ccccc2S(=O)(=O)Nc2noc(C)c2C)c(COCC)c1,WRFHGDPIDHPWIQ-UHFFFAOYSA-N,1,,2023,1,2,AGTR1;EDNRA,AGTR1;EDNRA,,ChEMBL 36 REST API,https://www.ebi.ac.uk/chembl/api/data/molecule/CHEMBL539423.json,0,CHEMBL539423,Small molecule,4.0,chembl_max_phase_4,"chembl_mechanism;chembl_pchembl>=6,n>=2",
900199,spinosad,CC[C@H]1CCC[C@H](O[C@H]2CC[C@H](N(C)C)[C@@H](C)O2)[C@@H](C)C(=O)C2=C[C@@H]3[C@@H](C=C(C)[C@@H]4C[C@@H](O[C@@H]5O[C@@H](C)[C@H](OC)[C@@H](OC)[C@H]5OC)C[C@@H]34)[C@@H]2CC(=O)O1,RDECBWLKMPEKPM-PSCJHHPTSA-N,1,,2011,1,0,,,multi_fragment,ChEMBL 36 REST API,https://www.ebi.ac.uk/chembl/api/data/molecule/CHEMBL4297065.json,0,CHEMBL4297065,Small molecule,4.0,chembl_max_phase_4,,
900200,stibogluconic acid,O=C(O)[C@@H]1[O][Sb]2([O][Sb]34[O][C@H]([C@H](O)CO)[C@H]([O]3)[C@H](C(=O)O)[O]4)[O][C@H]([C@H](O)CO)[C@@H]1[O]2,MNNVVPGDXDZDBM-SYAJEJNSSA-N,1,,,1,0,,,multi_fragment,PubChem PUG REST (name lookup; ChEMBL has no structure),"https://pubchem.ncbi.nlm.nih.gov/rest/pug/compound/cid/90661669/property/Title,SMILES/JSON",0,CHEMBL2365492,Small molecule,4.0,chembl_max_phase_4,,no structure in ChEMBL; SMILES from PubChem CID 90661669 (Title: Stibogluconic acid; identity confirmed by pubchem_title_agrees)
900201,streptozocin,CN(N=O)C(=O)N[C@@H](C=O)[C@@H](O)[C@H](O)[C@H](O)CO,AGRCPNMCOXLKFO-BDVNFPICSA-N,1,,1982,1,0,,,,ChEMBL 36 REST API,https://www.ebi.ac.uk/chembl/api/data/molecule/CHEMBL1977579.json,0,CHEMBL1977579,Small molecule,4.0,chembl_max_phase_4,,
900202,strontium chloride,[Sr+2],PWYYWQHXAPXYMF-UHFFFAOYSA-N,1,,1993,1,0,,,multi_fragment;inorganic;element;charged_parent,ChEMBL 36 REST API,https://www.ebi.ac.uk/chembl/api/data/molecule/CHEMBL2219640.json,0,CHEMBL2219640,Small molecule,4.0,chembl_max_phase_4,,
900203,strontium chloride sr 89,[89Sr+2],PWYYWQHXAPXYMF-OUBTZVSYSA-N,1,,1993,1,0,,,multi_fragment;inorganic;element;charged_parent,ChEMBL 36 REST API,https://www.ebi.ac.uk/chembl/api/data/molecule/CHEMBL1200625.json,0,CHEMBL1200625,Small molecule,4.0,chembl_max_phase_4,,
900204,sulfur,S1SSSSSSS1,JLQNHALFVCURHW-UHFFFAOYSA-N,1,,1982,1,0,,,inorganic,ChEMBL 36 REST API,https://www.ebi.ac.uk/chembl/api/data/molecule/CHEMBL1235452.json,0,CHEMBL1235452,Small molecule,4.0,chembl_max_phase_4,,
900205,sulopenem etzadroxil,CCC(CC)C(=O)OCOC(=O)C1=C(S[C@H]2CC[S+]([O-])C2)S[C@@H]2[C@@H]([C@@H](C)O)C(=O)N12,NBPVNGWRLGHULH-JKOUTOBWSA-N,1,,2024,1,0,,,,ChEMBL 36 REST API,https://www.ebi.ac.uk/chembl/api/data/molecule/CHEMBL4594246.json,0,CHEMBL4594246,Small molecule,4.0,chembl_max_phase_4,,
900206,tannic acid,O=C(OC[C@H]1O[C@@H](OC(=O)c2cc(O)c(O)c(OC(=O)c3cc(O)c(O)c(O)c3)c2)[C@H](OC(=O)c2cc(O)c(O)c(OC(=O)c3cc(O)c(O)c(O)c3)c2)[C@@H](OC(=O)c2cc(O)c(O)c(OC(=O)c3cc(O)c(O)c(O)c3)c2)[C@@H]1OC(=O)c1cc(O)c(O)c(OC(=O)c2cc(O)c(O)c(O)c2)c1)c1cc(O)c(O)c(OC(=O)c2cc(O)c(O)c(O)c2)c1,LRBQNJMCXXYXIU-PPKXGCFTSA-N,1,,1982,1,0,,,,ChEMBL 36 REST API,https://www.ebi.ac.uk/chembl/api/data/molecule/CHEMBL506247.json,0,CHEMBL506247,Unknown,4.0,chembl_max_phase_4,,
900207,tapinarof,CC(C)c1c(O)cc(/C=C/c2ccccc2)cc1O,ZISJNXNHJRQYJO-CMDGGOBGSA-N,1,,2022,1,1,AHR,AHR,,ChEMBL 36 REST API,https://www.ebi.ac.uk/chembl/api/data/molecule/CHEMBL259571.json,0,CHEMBL259571,Small molecule,4.0,chembl_max_phase_4,"chembl_mechanism;chembl_pchembl>=6,n>=2",
900208,taurursodiol,C[C@H](CCC(=O)NCCS(=O)(=O)O)[C@H]1CC[C@H]2[C@@H]3[C@@H](O)C[C@@H]4C[C@H](O)CC[C@]4(C)[C@H]3CC[C@]12C,BHTRKEVKTKCXOH-LBSADWJPSA-N,1,,2022,1,0,,,,ChEMBL 36 REST API,https://www.ebi.ac.uk/chembl/api/data/molecule/CHEMBL272427.json,0,CHEMBL272427,Small molecule,4.0,chembl_max_phase_4,,
900209,technetium tc 99m bicisate,CCOC(=O)[C@H](CS)NCCN[C@@H](CS)C(=O)OCC,RZQNBTMGBODDSK-UWVGGRQHSA-N,1,,1994,1,0,,,multi_fragment;metal_stripped,PubChem PUG REST (name lookup; ChEMBL has no structure),"https://pubchem.ncbi.nlm.nih.gov/rest/pug/compound/cid/155491161/property/Title,SMILES/JSON",0,CHEMBL1237111,Small molecule,4.0,chembl_max_phase_4,,no structure in ChEMBL; SMILES from PubChem CID 155491161 (Title: Technetium tc-99m bicisate; identity confirmed by pubchem_title_agrees)
900210,technetium tc 99m exametazime,C/C(=N\O)[C@@H](C)NCC(C)(C)CN[C@H](C)/C(C)=N/O,BPNZYADGDZPRTK-UDUYQYQQSA-N,1,,1988,1,0,,,multi_fragment;metal_stripped;dup_parent_inchikey,PubChem PUG REST (name lookup; ChEMBL has no structure),"https://pubchem.ncbi.nlm.nih.gov/rest/pug/compound/cid/11954234/property/Title,SMILES/JSON",0,CHEMBL2107074,Small molecule,4.0,chembl_max_phase_4,,no structure in ChEMBL; SMILES from PubChem CID 11954234 (Title: Technetium Tc-99m exametazime; identity confirmed by pubchem_title_agrees); same parent structure as: TECHNETIUM EXAMETAZIME (CHEMBL2111018)
900211,technetium tc 99m gluceptate,O=C(O)[C@H](O)[C@H](O)[C@@H](O)[C@H](O)[C@H](O)CO,KWMLJOLKUYYJFJ-VFUOTHLCSA-N,1,,1978,1,0,,,multi_fragment;metal_stripped,PubChem PUG REST (name lookup; ChEMBL has no structure),"https://pubchem.ncbi.nlm.nih.gov/rest/pug/compound/cid/49800005/property/Title,SMILES/JSON",0,CHEMBL1200639,Small molecule,4.0,chembl_max_phase_4,,no structure in ChEMBL; SMILES from PubChem CID 49800005 (Title: Technetium tc-99m gluceptate; identity confirmed by pubchem_title_agrees)
900212,technetium tc 99m medronate,O=P(O)(O)CP(=O)(O)O,MBKDYNNUVRNNRF-UHFFFAOYSA-N,1,,1982,1,0,,,multi_fragment;metal_stripped,PubChem PUG REST (name lookup; ChEMBL has no structure),"https://pubchem.ncbi.nlm.nih.gov/rest/pug/compound/cid/90478980/property/Title,SMILES/JSON",0,CHEMBL1200931,Small molecule,4.0,chembl_max_phase_4,,"no structure in ChEMBL; SMILES from PubChem CID 90478980 (Title: Diaqua((P,P'-methylenebis(phosphonato-kappaO))(4-))technetium-99Tc; identity confirmed by pubchem_title_agrees)"
900213,technetium tc 99m pyrophosphate,O=P(O)(O)OP(=O)(O)O,XPPKVPWEQAFLFU-UHFFFAOYSA-N,1,,1982,1,0,,,multi_fragment;inorganic;metal_stripped,PubChem PUG REST (name lookup; ChEMBL has no structure),"https://pubchem.ncbi.nlm.nih.gov/rest/pug/compound/cid/155491164/property/Title,SMILES/JSON",0,CHEMBL1200333,Small molecule,4.0,chembl_max_phase_4,,no structure in ChEMBL; SMILES from PubChem CID 155491164 (Title: Technetium tc-99m pyrophosphate; identity confirmed by pubchem_title_agrees)
900214,technetium tc 99m sestamibi,[C-]#[N+]CC(C)(C)OC,LJJFNFYPZOHRHM-UHFFFAOYSA-N,1,,1990,1,0,,,multi_fragment;metal_stripped,PubChem PUG REST (name lookup; ChEMBL has no structure),"https://pubchem.ncbi.nlm.nih.gov/rest/pug/compound/cid/449763/property/Title,SMILES/JSON",0,CHEMBL6067977,Small molecule,4.0,chembl_max_phase_4,,no structure in ChEMBL; SMILES from PubChem CID 449763 (Title: Technetium Tc 99m sestamibi; identity confirmed by pubchem_title_agrees)
900215,tedizolid,Cn1nnc(-c2ccc(-c3ccc(N4C[C@H](CO)OC4=O)cc3F)cn2)n1,XFALPSLJIHVRKE-GFCCVEGCSA-N,1,,,1,0,,,,ChEMBL 36 REST API,https://www.ebi.ac.uk/chembl/api/data/molecule/CHEMBL1257051.json,0,CHEMBL1257051,Small molecule,4.0,chembl_max_phase_4,,
900216,telotristat,Cc1ccn(-c2cc(Cl)ccc2[C@@H](Oc2cc(-c3ccc(C[C@H](N)C(=O)O)cc3)nc(N)n2)C(F)(F)F)n1,NCLGDOBQAWBXRA-PGRDOPGGSA-N,1,,,1,2,TPH1;TPH2,TPH1;TPH2,,ChEMBL 36 REST API,https://www.ebi.ac.uk/chembl/api/data/molecule/CHEMBL2103855.json,0,CHEMBL2103855,Small molecule,4.0,chembl_max_phase_4,"chembl_mechanism;chembl_pchembl>=6,n>=2",
900217,thiosulfuric acid,O=S(O)(O)=S,DHCDFWKWKRSZHF-UHFFFAOYSA-N,1,,1992,1,0,,,inorganic;dup_parent_inchikey,ChEMBL 36 REST API,https://www.ebi.ac.uk/chembl/api/data/molecule/CHEMBL1208642.json,0,CHEMBL1208642,Small molecule,4.0,chembl_max_phase_4,,same parent structure as: SODIUM THIOSULFATE (CHEMBL2096650)
900218,tovorafenib,C[C@@H](NC(=O)c1ncnc(N)c1Cl)c1ncc(C(=O)Nc2cc(C(F)(F)F)c(Cl)cn2)s1,VWMJHAFYPMOMGF-ZCFIWIBFSA-N,1,,2024,1,3,ARAF;BRAF;RAF1,ARAF;BRAF;RAF1,,ChEMBL 36 REST API,https://www.ebi.ac.uk/chembl/api/data/molecule/CHEMBL3348923.json,0,CHEMBL3348923,Small molecule,4.0,chembl_max_phase_4,"chembl_mechanism;chembl_pchembl>=6,n>=2",
900219,triacetyldiphenolisatin,CC(=O)Oc1ccc(C2(c3ccc(OC(C)=O)cc3)C(=O)N(C(C)=O)c3ccccc32)cc1,JPGUEMQIAGJQSJ-UHFFFAOYSA-N,1,,,1,0,,,,ChEMBL 36 REST API,https://www.ebi.ac.uk/chembl/api/data/molecule/CHEMBL1909288.json,1,CHEMBL1909288,Small molecule,4.0,chembl_max_phase_4,,
900220,tribromsalan,O=C(Nc1ccc(Br)cc1)c1cc(Br)cc(Br)c1O,KVSKGMLNBAPGKH-UHFFFAOYSA-N,1,,,1,0,,,,ChEMBL 36 REST API,https://www.ebi.ac.uk/chembl/api/data/molecule/CHEMBL24944.json,1,CHEMBL24944,Small molecule,4.0,chembl_max_phase_4,,
900221,trichloroethane,CC(Cl)(Cl)Cl,UOCLXMDMGBRAIB-UHFFFAOYSA-N,1,,,1,0,,,,ChEMBL 36 REST API,https://www.ebi.ac.uk/chembl/api/data/molecule/CHEMBL16080.json,1,CHEMBL16080,Small molecule,4.0,chembl_max_phase_4,,
900222,trofinetide,C[C@@]1(C(=O)N[C@@H](CCC(=O)O)C(=O)O)CCCN1C(=O)CN,BUSXWGRAOZQTEY-SDBXPKJASA-N,1,,2023,1,0,,,,ChEMBL 36 REST API,https://www.ebi.ac.uk/chembl/api/data/molecule/CHEMBL197084.json,0,CHEMBL197084,Small molecule,4.0,chembl_max_phase_4,,
900223,tyrothricin,CC(C)C[C@@H]1NC(=O)[C@H](CCCN)NC(=O)[C@H](C(C)C)NC(=O)[C@H](Cc2ccc(O)cc2)N[C@@H](CCC(=O)O)C(=O)N[C@@H](CC(N)=O)C(=O)[C@@H](Cc2ccccc2)NC(=O)[C@H](Cc2ccccc2)NC(=O)[C@@H]2CCCN2C(=O)[C@@H](Cc2ccccc2)NC1=O,NLJVXZFCYKWXLH-DXTIXLATSA-N,1,,,1,0,,,,ChEMBL 36 REST API,https://www.ebi.ac.uk/chembl/api/data/molecule/CHEMBL577736.json,0,CHEMBL577736,Protein,4.0,chembl_max_phase_4,,
900224,ulipristal,CC(=O)[C@@]1(O)CC[C@H]2[C@@H]3CCC4=CC(=O)CCC4=C3[C@@H](c3ccc(N(C)C)cc3)C[C@@]21C,HKDLNTKNLJPAIY-WKWWZUSTSA-N,1,,,1,1,PGR,PGR,,ChEMBL 36 REST API,https://www.ebi.ac.uk/chembl/api/data/molecule/CHEMBL2103846.json,0,CHEMBL2103846,Small molecule,4.0,chembl_max_phase_4,chembl_mechanism,
900225,urethane,CCOC(N)=O,JOYRKODLDBILNP-UHFFFAOYSA-N,1,,,1,0,,,,ChEMBL 36 REST API,https://www.ebi.ac.uk/chembl/api/data/molecule/CHEMBL462547.json,1,CHEMBL462547,Small molecule,4.0,chembl_max_phase_4,,
900226,uridine triacetate,CC(=O)OC[C@H]1O[C@@H](n2ccc(=O)[nH]c2=O)[C@H](OC(C)=O)[C@@H]1OC(C)=O,AUFUWRKPQLGTGF-FMKGYKFTSA-N,1,,2015,1,0,,,,ChEMBL 36 REST API,https://www.ebi.ac.uk/chembl/api/data/molecule/CHEMBL2107381.json,0,CHEMBL2107381,Small molecule,4.0,chembl_max_phase_4,,
900227,vamorolone,C[C@@H]1C[C@H]2[C@@H]3CCC4=CC(=O)C=C[C@]4(C)C3=CC[C@]2(C)[C@@]1(O)C(=O)CO,ZYTXTXAMMDTYDQ-DGEXFFLYSA-N,1,,2023,1,2,NR3C1;NR3C2,NR3C1;NR3C2,,ChEMBL 36 REST API,https://www.ebi.ac.uk/chembl/api/data/molecule/CHEMBL2348780.json,0,CHEMBL2348780,Small molecule,4.0,chembl_max_phase_4,chembl_mechanism,
900228,vanzacaftor,CC1(C)C[C@@H]2CCCNc3cccc(n3)S(=O)(=O)NC(=O)c3ccc(-n4ccc(OCCC5C6(CC6)C56CC6)n4)nc3N1C2,VCSUIBJKYCVWNF-NRFANRHFSA-N,1,,2024,1,1,CFTR,CFTR,,ChEMBL 36 REST API,https://www.ebi.ac.uk/chembl/api/data/molecule/CHEMBL5314934.json,0,CHEMBL5314934,Small molecule,4.0,chembl_max_phase_4,chembl_mechanism,
900229,vinyl chloride,C=CCl,BZHJMEDXRYGGRV-UHFFFAOYSA-N,1,,,1,0,,,,ChEMBL 36 REST API,https://www.ebi.ac.uk/chembl/api/data/molecule/CHEMBL2311071.json,1,CHEMBL2311071,Small molecule,4.0,chembl_max_phase_4,,
900230,vorasidenib,C[C@@H](Nc1nc(N[C@H](C)C(F)(F)F)nc(-c2cccc(Cl)n2)n1)C(F)(F)F,QCZAWDGAVJMPTA-RNFRBKRXSA-N,1,,2024,1,2,IDH1;IDH2,IDH1;IDH2,,ChEMBL 36 REST API,https://www.ebi.ac.uk/chembl/api/data/molecule/CHEMBL4279047.json,0,CHEMBL4279047,Small molecule,4.0,chembl_max_phase_4,"chembl_mechanism;chembl_pchembl>=6,n>=2",
900231,voxilaprevir,CC[C@@H]1[C@@H]2CN(C(=O)[C@H](C(C)(C)C)NC(=O)O[C@@H]3C[C@H]3CCCCC(F)(F)c3nc4ccc(OC)cc4nc3O2)[C@@H]1C(=O)N[C@]1(C(=O)NS(=O)(=O)C2(C)CC2)C[C@H]1C(C)C,MKDALIOACIEUJM-XCFCBFDASA-N,1,,2017,1,0,,,,ChEMBL 36 REST API,https://www.ebi.ac.uk/chembl/api/data/molecule/CHEMBL3707372.json,0,CHEMBL3707372,Small molecule,4.0,chembl_max_phase_4,,
900232,water,O,XLYOFNOQVPJJNP-UHFFFAOYSA-N,1,,1982,1,0,,,inorganic;element;dup_parent_inchikey,ChEMBL 36 REST API,https://www.ebi.ac.uk/chembl/api/data/molecule/CHEMBL1098659.json,0,CHEMBL1098659,Small molecule,4.0,chembl_max_phase_4,,"same parent structure as: MAGNESIUM HYDROXIDE (CHEMBL1200718), MAGNESIUM CHLORIDE (CHEMBL3185229), ALUMINUM CHLORIDE (CHEMBL3833314), FERRIC OXYHYDROXIDE (CHEMBL4802224), MANGANESE CHLORIDE (CHEMBL5314371)"
900233,xenazoic acid,CCOC(Nc1ccc(C(=O)O)cc1)C(=O)c1ccc(-c2ccccc2)cc1,BPOMPTVRBWXZBY-UHFFFAOYSA-N,1,,,1,0,,,,ChEMBL 36 REST API,https://www.ebi.ac.uk/chembl/api/data/molecule/CHEMBL1909289.json,1,CHEMBL1909289,Small molecule,4.0,chembl_max_phase_4,,
900234,xylose,O=C[C@H](O)[C@@H](O)[C@H](O)CO,PYMYPHUHKUWMLA-VPENINKCSA-N,1,,1982,1,0,,,,ChEMBL 36 REST API,https://www.ebi.ac.uk/chembl/api/data/molecule/CHEMBL1236821.json,0,CHEMBL1236821,Small molecule,4.0,chembl_max_phase_4,,
900235,yttrium chloride,[Y+3],GRTBAGCGDOYUBE-UHFFFAOYSA-N,1,,2003,1,0,,,multi_fragment;inorganic;element;charged_parent,PubChem PUG REST (name lookup; ChEMBL has no structure),"https://pubchem.ncbi.nlm.nih.gov/rest/pug/compound/cid/10198055/property/Title,SMILES/JSON",0,CHEMBL5316164,Small molecule,4.0,chembl_max_phase_4,,no structure in ChEMBL; SMILES from PubChem CID 10198055 (Title: Yttrium trichloride; identity confirmed by pubchem_title_agrees)
900236,yttrium chloride y-90,[Cl][90Y]([Cl])[Cl],PCMOZDDGXKIOLL-SGNQUONSSA-K,1,,2003,1,0,,,inorganic,PubChem PUG REST (name lookup; ChEMBL has no structure),"https://pubchem.ncbi.nlm.nih.gov/rest/pug/compound/cid/71586740/property/Title,SMILES/JSON",0,CHEMBL5315051,Small molecule,4.0,chembl_max_phase_4,,no structure in ChEMBL; SMILES from PubChem CID 71586740 (Title: Yttrium chloride Y-90; identity confirmed by pubchem_title_agrees)
900237,zavegepant,Cc1cc(C[C@@H](NC(=O)N2CCC(c3cc4ccccc4[nH]c3=O)CC2)C(=O)N2CCN(C3CCN(C)CC3)CC2)cc2cn[nH]c12,JJVAPHYEOZSKJZ-JGCGQSQUSA-N,1,,2023,1,2,CALCRL;RAMP1,CALCRL;RAMP1,dup_parent_inchikey,ChEMBL 36 REST API,https://www.ebi.ac.uk/chembl/api/data/molecule/CHEMBL2397415.json,0,CHEMBL2397415,Small molecule,4.0,chembl_max_phase_4,chembl_mechanism,same parent structure as: ZAVEGEPANT HYDROCHLORIDE (CHEMBL4650220)
900238,zinc chloride,[Zn+2],PTFCDOFLOPIGGS-UHFFFAOYSA-N,1,,1986,1,0,,,multi_fragment;inorganic;element;charged_parent;dup_parent_inchikey,ChEMBL 36 REST API,https://www.ebi.ac.uk/chembl/api/data/molecule/CHEMBL1200679.json,0,CHEMBL1200679,Small molecule,4.0,chembl_max_phase_4,,same parent structure as: ZINC OXIDE (CHEMBL3988900)
900239,zuranolone,C[C@@]1(O)CC[C@H]2[C@H](CC[C@@H]3[C@@H]2CC[C@]2(C)[C@@H](C(=O)Cn4cc(C#N)cn4)CC[C@@H]32)C1,HARRKNSQXBRBGZ-GVKWWOCJSA-N,1,,2023,1,16,GABRA1;GABRA2;GABRA3;GABRA4;GABRA5;GABRA6;GABRB1;GABRB2;GABRB3;GABRD;GABRE;GABRG1;GABRG2;GABRG3;GABRP;GABRQ,GABRA1;GABRA2;GABRA3;GABRA4;GABRA5;GABRA6;GABRB1;GABRB2;GABRB3;GABRD;GABRE;GABRG1;GABRG2;GABRG3;GABRP;GABRQ,,ChEMBL 36 REST API,https://www.ebi.ac.uk/chembl/api/data/molecule/CHEMBL4105630.json,0,CHEMBL4105630,Small molecule,4.0,chembl_max_phase_4,chembl_mechanism,
