uniprot,gene,n_trials,n_distinct_ligands_available_in_pdb,n_duplicate_entries_collapsed,median_resolution,mean_n_observed_residues,mean_n_core_residues,n_trials_with_empty_core,n_lipid_class_instances_seen,mean_max_tanimoto,delta_consensus_minus_p2rank_primary,delta_consensus_minus_one_random_other_ligand_primary,consensus::precision,consensus::recall,consensus::f1,consensus::jaccard,consensus_size_matched::precision,consensus_size_matched::recall,consensus_size_matched::f1,consensus_size_matched::jaccard,p2rank_top1::precision,p2rank_top1::recall,p2rank_top1::f1,p2rank_top1::jaccard,p2rank_best_of_3::precision,p2rank_best_of_3::recall,p2rank_best_of_3::f1,p2rank_best_of_3::jaccard,null1_one_random_other_ligand::precision,null1_one_random_other_ligand::recall,null1_one_random_other_ligand::f1,null1_one_random_other_ligand::jaccard,null2_most_dissimilar_other_ligand::precision,null2_most_dissimilar_other_ligand::recall,null2_most_dissimilar_other_ligand::f1,null2_most_dissimilar_other_ligand::jaccard,buried::precision,buried::recall,buried::f1,buried::jaccard,buried_size_matched::precision,buried_size_matched::recall,buried_size_matched::f1,buried_size_matched::jaccard,buried_surface_size_matched::precision,buried_surface_size_matched::recall,buried_surface_size_matched::f1,buried_surface_size_matched::jaccard,random::precision,random::recall,random::f1,random::jaccard,random_size_matched::precision,random_size_matched::recall,random_size_matched::f1,random_size_matched::jaccard,union_all::precision,union_all::recall,union_all::f1,union_all::jaccard
P12821,ACE,26,44,2,1.75,17.26923076923077,0.0,26,0,0.5602093359321435,-0.1642991488857431,-0.27346576609879625,0.0,0.0,0.0,0.0,0.24940906144079522,0.24940906144079522,0.24940906144079522,0.15066387868861364,0.1642991488857431,0.6872485190248347,0.26268978210657556,0.16323915991369434,0.2208757470197627,0.8521669339432496,0.34580540988429104,0.21777488224398417,0.27346576609879625,0.2746293468313592,0.26785579420235817,0.22667035354488943,0.0,0.0,0.0,0.0,nan,nan,nan,nan,0.0,0.0,0.0,0.0,0.05172602079722824,0.05172602079722824,0.05172602079722824,0.027491918140923718,nan,nan,nan,nan,0.03375891686143233,0.03375891686143233,0.03375891686143233,0.017855912477762168,0.17587809857162984,0.8685876868229809,0.29010467451054794,0.17474916387959866
P29274,ADORA2A,28,109,14,1.9,13.071428571428571,0.0,28,76,0.3825447653444313,-0.22468487803891532,-0.29269048258872316,0.0,0.0,0.0,0.0,0.46272636385556554,0.46272636385556554,0.46272636385556554,0.3335837681901371,0.22468487803891532,0.368249479278891,0.2774999084374338,0.21650996956844032,0.557054711937387,0.8376372343809318,0.664057207689423,0.5343781256027839,0.29269048258872316,0.2931243815999593,0.29023287515271157,0.24258531247579698,0.03273809523809524,0.03571428571428571,0.034161490683229816,0.03273809523809524,nan,nan,nan,nan,0.0,0.0,0.0,0.0,0.1075028437948606,0.1075028437948606,0.1075028437948606,0.05854085030864235,nan,nan,nan,nan,0.03433551649097868,0.03433551649097868,0.03433551649097868,0.018179656824315927,0.15150218862624878,0.8461075135182278,0.25598913156799513,0.1506410256410256
P15121,AKR1B1,25,75,2,0.93,13.92,12.2,0,0,0.6111486096135771,0.4364405186080903,0.07727471556221543,0.8392207792207792,0.7236780017368254,0.7523334646666769,0.6220957049486461,0.8809347711112417,0.8809347711112417,0.8809347711112417,0.8256566570684217,0.4027802606126889,0.9142661064425771,0.5508510498369324,0.38751125771481726,0.4027802606126889,0.9142661064425771,0.5508510498369324,0.38751125771481726,0.7619460636585638,0.7551180159709573,0.7336199636482762,0.6266478675821943,0.769423076923077,0.7576673718438424,0.7484307813926173,0.6215314644076254,0.007272727272727273,0.005,0.005925925925925926,0.0032,0.005,0.005,0.005,0.0026666666666666666,0.11788933288933288,0.11788933288933288,0.11788933288933288,0.06402997151653622,0.055002597402597386,0.05026811077811077,0.05012523822376455,0.02666791238438553,0.05364763200851435,0.05364763200851435,0.05364763200851435,0.028611580365648877,0.5319538461538461,0.9811428571428571,0.6790214759421237,0.5307692307692308
P42330,AKR1C3,24,63,0,1.67,15.125,12.416666666666666,0,0,0.3602079757629972,0.5202096589487162,0.1217314666596303,0.8573717948717948,0.7257841693551832,0.7760009580763305,0.6445034685601636,0.8282034323104369,0.8282034323104369,0.8282034323104369,0.7236614366119515,0.3371621359230786,0.7588714246995982,0.46404420810399977,0.329727440458178,0.4150866287025165,0.9582125927907663,0.5745760971919234,0.40637189631635146,0.7356403282121645,0.7245474498572894,0.713759077582036,0.5653061886346381,0.7747030338942104,0.7454641147752602,0.7471134457232437,0.6029706572953476,0.006944444444444444,0.004208754208754209,0.00522875816993464,0.002699407871821665,0.004208754208754209,0.004208754208754209,0.004208754208754209,0.0021594684385382056,0.05452277913578222,0.05452277913578222,0.05452277913578222,0.028902567304147763,0.06421741452991452,0.05336909447943696,0.05757093800751051,0.03064300031714018,0.069604938170776,0.069604938170776,0.069604938170776,0.037242085871799606,0.41775793650793647,0.9905002405002405,0.5825901130547836,0.41550925925925924
Q9UM73,ALK,25,44,0,1.86,20.56,18.0,0,0,0.4598456020351639,0.09085444876237703,0.11191970189511191,0.9244444444444443,0.817573186531391,0.8648853978185105,0.7678475098745912,0.8740154834501584,0.8740154834501584,0.8740154834501584,0.7841519685162706,0.8335899956820673,0.6751735586738683,0.7425390372875377,0.6336113087692036,0.9352475603396319,0.7549496352288922,0.8313023174247163,0.7180892909556256,0.8125247425493324,0.8132499060932187,0.8076820243772819,0.6861091967988603,0.8231736650002904,0.8092283525212318,0.8080752509759571,0.6841769452935869,0.0022222222222222222,0.002,0.002105263157894737,0.001081081081081081,0.002,0.002,0.0020000000000000005,0.0010256410256410256,0.1231755507306591,0.1231755507306591,0.12317555073065911,0.06663147949300313,0.0855777777777777,0.07497040481328099,0.07964657996860168,0.04251448582923389,0.08743736642854907,0.08743736642854907,0.08743736642854907,0.04681563540642114,0.4988939797900003,0.9898947368421053,0.6610846336306243,0.4956097560975609
O14965,AURKA,26,135,1,1.88,12.346153846153847,0.0,26,0,0.24937666990527046,-0.23712555254133016,-0.20666576312701881,0.0,0.0,0.0,0.0,0.4675070530274151,0.4675070530274151,0.4675070530274151,0.3821385860463487,0.23712555254133016,0.3667560443578543,0.26311600168804034,0.19180234432665777,0.3774044470885174,0.48669860180041175,0.3966312421037333,0.3167482076420863,0.20666576312701881,0.20926395807560966,0.20293100417107873,0.16870500810498065,0.23012820512820514,0.2011985236985237,0.21240284912885532,0.18356195086964316,nan,nan,nan,nan,0.0,0.0,0.0,0.0,0.07893361917117574,0.07893361917117574,0.07893361917117574,0.043392701601515975,nan,nan,nan,nan,0.05436931749748491,0.05436931749748491,0.05436931749748491,0.02923512661708812,0.11302045862344048,0.8870490407028869,0.19566029922714218,0.11188811188811189
P56817,BACE1,27,378,1,1.51,19.48148148148148,1.4074074074074074,0,0,0.45591600400984006,0.1252951922027008,0.24411676583130548,0.5185185185185185,0.03125358013929079,0.05843752296333023,0.030673965872886018,0.3777530140513419,0.3777530140513419,0.3777530140513419,0.25673851418372684,0.3932233263158177,0.5916031759484595,0.4685616466741895,0.37689117248131615,0.6149171318133866,0.8908268389707494,0.7153763323150726,0.5787619118164767,0.274401752687213,0.2791364881374101,0.27200699346868756,0.21106765101728955,0.20141789659333523,0.10603475274337214,0.1300203718083667,0.08569423135377001,0.0,0.0,0.0,0.0,0.0,0.0,0.0,0.0,0.15645195439157292,0.15645195439157292,0.15645195439157292,0.0868249774368399,0.06833333333333334,0.00497194903245927,0.00905581692652631,0.004797575995986131,0.06657634472101126,0.06657634472101126,0.06657634472101126,0.03536146166827227,0.14160395439685983,0.8415066248552137,0.24146678015109657,0.1408621736490589
P06276,BCHE,29,81,0,2.2,18.586206896551722,16.413793103448278,0,0,0.4635433650968164,0.16517155973964326,0.1393607271611218,0.7417596348884381,0.6342842533238627,0.6726133956134658,0.5470468880012792,0.7139574750942246,0.7139574750942246,0.7139574750942246,0.6084823879216776,0.5765880751487948,0.7901120247744728,0.6597008823429934,0.5257002839216213,0.6048012412929955,0.812279512459202,0.68452846854989,0.5450968356457593,0.6023989077273163,0.599077875122112,0.5827414664976555,0.4626492343769392,0.4944765565028189,0.38493604648662755,0.42359864876246445,0.29172009781193553,0.0,0.0,0.0,0.0,0.0,0.0,0.0,0.0,0.07603895219773814,0.07603895219773814,0.07603895219773814,0.040436584315832344,0.04177738336713996,0.03704642791637433,0.03830863875731076,0.020109342279516353,0.044260479737615,0.044260479737615,0.044260479737615,0.023287438783348692,0.29326596947427924,0.9324199507389161,0.44100568502066706,0.2928208027133974
P15056,BRAF,24,53,0,2.11,21.458333333333332,16.0,0,0,0.4561420535614145,0.47457811187035226,0.2608145746241427,0.8203125,0.5854716068002682,0.6817697708342766,0.5790382907202128,0.6973084927404148,0.6973084927404148,0.6973084927404148,0.6048119995297414,0.34573438812964774,0.44269208924815323,0.3836890871412504,0.29987963630019626,0.6461521012141032,0.7633183832440125,0.6891102121763358,0.546080600833173,0.5594979253758573,0.5592307842646802,0.5568333023657693,0.4734377919650305,0.20202922077922078,0.18244498556998556,0.1899909420289855,0.14629334492417656,0.028645833333333332,0.02000811688311688,0.023536365312681103,0.012252018502018501,0.027533094924399273,0.027533094924399273,0.027533094924399273,0.014291091737615384,0.2033615886719434,0.2033615886719434,0.2033615886719434,0.11607477536234696,0.09218750000000002,0.07404352948411873,0.07974836434720202,0.04261877338078305,0.0935217497589494,0.0935217497589494,0.0935217497589494,0.05019805106060948,0.22565199775087522,0.8865079365079366,0.35904453292007527,0.22331460674157308
O60885,BRD4,25,410,0,1.12,13.56,14.0,0,0,0.370856623540413,0.27015952399853327,0.027227324391294938,0.9114285714285715,0.9449311864605983,0.9255327513997148,0.867155462184874,0.9296289103053809,0.9296289103053809,0.9296289103053809,0.874655069045162,0.6412690474300382,0.7598254490607431,0.6911574991563867,0.542366004136902,0.664798459194744,0.7883968776321717,0.7169639507692901,0.561413623184521,0.8842012470372765,0.8826452811893988,0.8789954704366413,0.7905870869670407,0.9055724275724276,0.8461229065052595,0.8694453176342231,0.7724586296056886,0.0,0.0,0.0,0.0,0.0,0.0,0.0,0.0,0.2012236978707567,0.2012236978707567,0.2012236978707567,0.11284762816639247,0.12365714285714276,0.12753925143483957,0.12523291114488444,0.0689193544528657,0.12283590546708184,0.12283590546708184,0.12283590546708184,0.06762710805018717,0.5860304912478825,0.9860714285714286,0.7330539995988912,0.5808695652173913
Q06187,BTK,25,147,0,1.3,21.28,15.0,0,0,0.45610981484197066,0.20317347059954238,0.18471685186045017,0.8960000000000001,0.6513537736626192,0.7442103913624546,0.5962781698105852,0.7815388374410862,0.7815388374410862,0.7815388374410862,0.6472999442760963,0.6928265294004577,0.8236643065413679,0.7432294023731097,0.6038199657680781,0.6928265294004577,0.8236643065413679,0.7432294023731097,0.6038199657680781,0.71128314813955,0.7154320013315854,0.6956743134355601,0.5491011485830639,0.766521449564928,0.5719927340525541,0.63455492055547,0.4676728125498045,0.005333333333333333,0.003722943722943723,0.004384384384384384,0.002253968253968254,0.005102254067771309,0.005102254067771309,0.005102254067771309,0.0026075967002020086,0.20423702570958946,0.20423702570958946,0.20423702570958946,0.11576881436827857,0.09925333333333333,0.06989189075508867,0.08104554848358388,0.04336974099062588,0.09972002210682868,0.09972002210682868,0.09972002210682868,0.05372298894632824,0.45031413113559277,0.990383808095952,0.6125552401084895,0.4476595744680851
P00915,CA1,25,45,0,1.479,17.36,16.0,0,0,0.5354103435415101,0.6475306893625399,0.0707501483724392,0.9225,0.8545269886632115,0.884375048765679,0.7950258980785295,0.887845677542272,0.887845677542272,0.887845677542272,0.8035083912991035,0.27496931063746016,0.3924273920094353,0.3141387172647176,0.24191316418135642,0.6349342229181619,0.8060407920253122,0.6977762543759388,0.5472783815726608,0.8517498516275608,0.8489155762709941,0.8448015649643991,0.7366545793006892,0.8047294707356627,0.8925523707458691,0.8420635280861815,0.7314634114931599,0.065,0.05995355092104318,0.06216008698011577,0.03233301039767375,0.05909885006634233,0.05909885006634233,0.05909885006634233,0.030668483635845747,0.12493999705145216,0.12493999705145216,0.12493999705145216,0.06764399587861573,0.0584,0.053686360622521585,0.05578205416647864,0.029511991990932466,0.05980725822852755,0.05980725822852755,0.05980725822852755,0.031689992795271196,0.556407860585836,0.9854302422723475,0.7088022664205422,0.5509677419354838
P00918,CA2,25,248,5,1.05,15.6,13.4,0,16,0.43636378835093553,0.17371746437257263,0.18136272643764895,0.8156043956043956,0.6901952345899716,0.7421691648446211,0.6524365243497025,0.7799035438245965,0.7799035438245965,0.7799035438245965,0.7092762566100835,0.6418869312318229,0.7970053707902005,0.7041630914643704,0.5614570743943742,0.6418869312318229,0.7970053707902005,0.7041630914643704,0.5614570743943742,0.6342416691667466,0.6264436436370646,0.6220873242409559,0.5325020574063818,0.2299242424242424,0.18740732038429406,0.2039750387702974,0.17558443931799195,0.0,0.0,0.0,0.0,0.00831578947368421,0.00831578947368421,0.00831578947368421,0.004268884268884269,0.06587073916795279,0.06587073916795279,0.06587073916795279,0.03483362607827287,0.05044175824175825,0.04322787520013526,0.045600607713405926,0.02411920459796007,0.048493872592835434,0.048493872592835434,0.048493872592835434,0.02564187307576717,0.2647947140578719,0.9321592215833703,0.4106106388373302,0.26245614035087717
P24941,CDK2,22,378,0,1.28,16.09090909090909,12.818181818181818,0,0,0.36688853685623396,0.23117701734822926,0.18538878023187044,0.7633200133200133,0.5730585171075602,0.6477552090050455,0.5167810921188348,0.7176761938143165,0.7176761938143165,0.7176761938143165,0.6143064545206386,0.532142995971784,0.7606756836527453,0.6161081183980881,0.4761140652379358,0.532142995971784,0.7606756836527453,0.6161081183980881,0.4761140652379358,0.5779312330881429,0.5765417394079793,0.5691863105980132,0.4639101311484089,0.4153828197945845,0.3387281814332898,0.3691530549118525,0.28874137887739376,0.0,0.0,0.0,0.0,0.0,0.0,0.0,0.0,0.11552279966648107,0.11552279966648107,0.11552279966648107,0.06343420924093596,0.06797036297036296,0.05456093219567746,0.05845528484983323,0.031237802073909006,0.06884194048321192,0.06884194048321192,0.06884194048321192,0.0368366884770694,0.2941805047377803,0.8738702817650186,0.4378155277430346,0.2923351158645276
P08684,CYP3A4,24,98,0,2.202,15.333333333333334,9.416666666666666,0,0,0.5881752654895643,0.5772820149168189,0.22059124761923243,0.8347222222222223,0.5546601680841231,0.6464603406057621,0.4883542369612584,0.6868686555460936,0.6868686555460936,0.6868686555460936,0.5309061545686315,0.2574402073054034,0.5876210310372462,0.33962893404193634,0.20941331753619927,0.4340185820087781,0.6546254281064652,0.4665829538404164,0.31696421232924765,0.6141309746029898,0.6139991518718783,0.5828887167292603,0.4250967273814304,0.7012361724532777,0.3866679942434586,0.4362959363161438,0.2874213619980491,0.0,0.0,0.0,0.0,0.0,0.0,0.0,0.0,0.013764360639360639,0.013764360639360639,0.013764360639360639,0.007175349434811359,0.043060185185185174,0.02624175696916602,0.031797910835406146,0.01681409246218238,0.04401078283136139,0.04401078283136139,0.04401078283136139,0.023294588773489083,0.34667899929527835,0.9923798466755124,0.5049720151556746,0.34564393939393945
P00374,DHFR,25,63,2,1.396,16.12,15.4,0,0,0.5768937783532984,0.47379635787510554,0.059554213824530966,0.8886666666666667,0.8558174357462285,0.8687064137415509,0.7848841678232091,0.8907959207974687,0.8907959207974687,0.8907959207974687,0.8224636591478697,0.41487030879156117,0.8727173174262957,0.560399420506918,0.3972230725083267,0.43315602307727535,0.9103643762498251,0.5850148051223026,0.41500085028610445,0.8291124528421357,0.8307029377743,0.8252720522599357,0.7284319177965181,0.7730582850989365,0.8555509885113466,0.8073689658929932,0.6936545407742303,0.028666666666666663,0.02668204825789965,0.02756859870047726,0.014231283918158222,0.031387930610840824,0.031387930610840824,0.031387930610840824,0.016186372698052343,0.22428416251790864,0.22428416251790864,0.22428416251790867,0.12814623042962744,0.09167166666666665,0.08768129785247428,0.08929408165936005,0.04811695002636715,0.08978188550183903,0.08978188550183903,0.08978188550183903,0.04833127901934278,0.43830395748042805,0.9709666322669419,0.6018840439302783,0.43333333333333335
Q02127,DHODH,27,107,24,1.58,20.555555555555557,21.0,0,3,0.4775239033019679,0.3998089688338598,0.12557752927978838,0.7601410934744268,0.7647619215848825,0.7544005657722542,0.662217563676785,0.7402778866802738,0.7402778866802738,0.7402778866802738,0.6673981495566577,0.360332124640567,0.9563499908256943,0.5175403952782921,0.3538427878465741,0.360332124640567,0.9563499908256943,0.5175403952782921,0.3538427878465741,0.6345635641946384,0.6301428432297286,0.6174746436575572,0.5156811693959392,0.5033973898708198,0.4929494384453179,0.4921577756026585,0.39078622013917663,0.003527336860670194,0.002849002849002849,0.003152088258471237,0.0016460905349794238,0.002849002849002849,0.002849002849002849,0.002849002849002849,0.0014814814814814814,0.07703323357202299,0.07703323357202299,0.07703323357202299,0.04099176957268837,0.07888888888888884,0.08131044574235818,0.0788643314694094,0.041999739654985185,0.07720558287659735,0.07720558287659735,0.07720558287659735,0.04119388119683526,0.2859783018734814,0.9485117883810695,0.4352194013805692,0.2828770799785293
P27487,DPP4,25,82,0,2.0,16.08,14.4,0,0,0.3920086837753511,0.7297150852520871,0.08301239765136814,0.9436190476190476,0.8512521008403362,0.8920343391477331,0.8099941207743064,0.9026065503124328,0.9026065503124328,0.9026065503124328,0.8307036709420611,0.2139039623669605,0.23018627450980392,0.2202151521729948,0.1838062759394029,0.77246783625731,0.8308405516052575,0.7980468085046634,0.6870506882178709,0.8606066499676794,0.8597293677727501,0.8554672155789941,0.7551052119117853,0.9393880629174747,0.8503753501400559,0.888884587769558,0.804982849280063,0.0,0.0,0.0,0.0,0.0,0.0,0.0,0.0,0.02493909358615241,0.02493909358615241,0.02493909358615241,0.01306782270109944,0.022740952380952386,0.020289999281763987,0.021369116678322655,0.011158824769147839,0.021269798534798535,0.021269798534798535,0.021269798534798535,0.011087442230766463,0.4536564171122995,0.9777941176470588,0.617813268122924,0.44800000000000006
P00533,EGFR,24,197,0,1.6,23.166666666666668,21.0,0,0,0.5686100545088417,0.11393645885291326,0.11910234028241518,0.8134920634920636,0.7404551199817219,0.7732286828798771,0.643986506777853,0.7783532591656162,0.7783532591656162,0.7783532591656162,0.6501100552960122,0.6995556046391503,0.7088909531367579,0.6976449449728447,0.5816448330163281,0.8208287005046374,0.8216206539914587,0.8155095213480593,0.6943983283097942,0.6943897232096484,0.691204008428801,0.6892042573253034,0.5451117954227352,0.5545416422680916,0.5519502559338562,0.5505912479215046,0.39827967818278687,0.031746031746031744,0.02757986277008016,0.029492560066103082,0.015390070732064368,0.02757986277008016,0.02757986277008016,0.02757986277008016,0.014352708378251524,0.17152853107849295,0.17152853107849295,0.17152853107849295,0.0946752425304705,0.09640873015873008,0.08784544324770775,0.09169272908184516,0.04903812840447119,0.09389229717051036,0.09389229717051036,0.09389229717051036,0.05028911475043013,0.42408538497374976,0.9804176288687158,0.5907956432890609,0.42052469135802467
P29317,EPHA2,24,64,0,1.228,22.833333333333332,19.5,0,0,0.7933098083307861,0.08360615323106602,0.03405830105402996,0.8573103154305199,0.7268832480836677,0.7684865853931367,0.6263526570048309,0.9019355056087512,0.9019355056087512,0.9019355056087512,0.831224693181215,0.7737041621994539,0.8308220732991899,0.7921811156381278,0.665182042564974,0.7737041621994539,0.8308220732991899,0.7921811156381278,0.665182042564974,0.82325201437649,0.8126702682157131,0.8058413963813184,0.6948585270492039,0.8004205224599961,0.5478730171536236,0.6411256825133852,0.47530556374622246,0.03665814151747656,0.028178803179756653,0.031302168635549237,0.016027630000616386,0.028178803179756653,0.028178803179756653,0.028178803179756653,0.014400678789453164,0.2073532495381275,0.2073532495381275,0.2073532495381275,0.11769824304789438,0.08906969309462909,0.07636936035896752,0.08019990999316017,0.042648239341322565,0.08905110184649656,0.08905110184649656,0.08905110184649656,0.04756937992092188,0.6150311025311026,0.9912685560053981,0.7543060782927999,0.6126126126126127
P34913,EPHX2,26,119,0,1.87,16.46153846153846,12.423076923076923,0,0,0.28751963176284523,0.3943469278645934,0.18679338723619854,0.7386587771203157,0.5708902999679013,0.6260042692027326,0.48837174782860604,0.693264887548102,0.693264887548102,0.693264887548102,0.5892972789915644,0.3443118492557223,0.8711796784451246,0.4824247807767955,0.33858242044711956,0.3927707977146707,0.969470276735723,0.546677732126521,0.38721028211845954,0.5518653898841172,0.5521159131055862,0.5269501401307936,0.41113030633346387,0.4727962858397641,0.42303549302135923,0.4094405337907479,0.29725756530104364,0.0,0.0,0.0,0.0,0.0,0.0,0.0,0.0,0.05296937640439458,0.05296937640439458,0.05296937640439458,0.028244067611161962,0.05016272189349113,0.03576393419251811,0.040842514857445576,0.021615013384039112,0.04918123575938726,0.04918123575938726,0.04918123575938726,0.026074879540893124,0.23645132193316298,0.9312045677061156,0.37200483360777387,0.23368298368298365
P03372,ESR1,26,434,2,1.2,10.76923076923077,8.423076923076923,0,0,0.6211565884922947,0.24400930266314858,0.1519564196487272,0.7313034188034186,0.5552374975451898,0.6275403646920675,0.509861719477104,0.6595543345543345,0.6595543345543345,0.6595543345543345,0.5511674223212684,0.4872941161402701,0.5318608741685664,0.49945102831286914,0.35279233448142716,0.5147666436127974,0.5466537735768504,0.5186817975436384,0.36561284730193994,0.5793469991546915,0.5876586767932921,0.5714954013547454,0.4596426082872633,0.2849351503197657,0.21579168694553313,0.22882961551692205,0.14048178442974824,0.02297008547008547,0.016115294961448808,0.018900397847766266,0.009939913887282308,0.016115294961448808,0.016115294961448808,0.016115294961448808,0.008412167542602326,0.09545753391907238,0.09545753391907238,0.09545753391907238,0.05165805500641952,0.053600427350427346,0.04209826071364532,0.0464850932807589,0.02500934708929767,0.05431973581973581,0.05431973581973581,0.05431973581973581,0.029219848319883272,0.2644983039719882,0.9585798816568047,0.41058571343034067,0.2641700404858299
P00742,F10,25,131,0,1.62,19.68,19.0,0,0,0.525874629111923,0.060416512623942986,0.12387953975848698,0.8694736842105263,0.8264853041695147,0.8468449181876653,0.7889981178242047,0.8413193590035695,0.8413193590035695,0.8413193590035695,0.780454634610241,0.8090571715865833,0.661267991726196,0.7233914252490482,0.5865596183299508,0.8090571715865833,0.661267991726196,0.7233914252490482,0.5865596183299508,0.7455941444520393,0.7450406175867476,0.7442601042181326,0.6697005209698347,0.20526315789473684,0.19134335839598995,0.1978816063026589,0.15374849498327758,0.0,0.0,0.0,0.0,0.0,0.0,0.0,0.0,0.1868153985677205,0.1868153985677205,0.1868153985677205,0.10404167384598555,0.08614736842105258,0.08200634080745531,0.08394989337166786,0.044997416599874634,0.08475253910176507,0.08475253910176507,0.08475253910176507,0.04543027759858743,0.3983473824312334,0.9861475256769374,0.5668793735079489,0.39673469387755106
P00734,F2,25,263,0,1.31,18.84,20.0,0,0,0.6398649032324137,0.16804863715127538,0.04645901970836175,0.87,0.9223981247585367,0.88773053938431,0.8158794654620742,0.858554672253757,0.858554672253757,0.858554672253757,0.7935997987943069,0.7019513628487246,0.7056759289528169,0.6987798495065961,0.5500873267422467,0.7019513628487246,0.7056759289528169,0.6987798495065961,0.5500873267422467,0.8235409802916382,0.8284592324850333,0.811477542939797,0.7102839917236161,0.772688197767145,0.6745037940701556,0.7106211781114944,0.5755273856578205,0.004,0.005714285714285714,0.004705882352941176,0.0024242424242424242,0.0,0.0,0.0,0.0,0.13785299546626778,0.13785299546626778,0.13785299546626778,0.07511821350612355,0.07715999999999995,0.08185787081339711,0.07866161079348187,0.04192625107989902,0.07979042258148665,0.07979042258148665,0.07979042258148665,0.04264126828474362,0.6714814814814816,0.9931818181818182,0.7949786992822527,0.67
P14324,FDPS,26,57,3,1.95,14.884615384615385,4.423076923076923,0,0,0.4960139651872547,0.3728752048432489,0.2456812905578981,0.6596153846153846,0.18477474141322678,0.28696101687756015,0.17969958153037455,0.5184591907457471,0.5184591907457471,0.5184591907457471,0.41952574275151083,0.28674017977213573,0.6938089189131105,0.40193060352365506,0.2689010449049505,0.46030416808325636,0.7629363501862906,0.5183762184712395,0.36971632986245495,0.4139340940574865,0.4146960736284831,0.40846100932976154,0.33272108873189166,0.39906311637080866,0.32977492460702745,0.3558283046944594,0.2845142405848054,0.0,0.0,0.0,0.0,0.0,0.0,0.0,0.0,0.10613561638805745,0.10613561638805745,0.10613561638805745,0.057436139900430325,0.05123076923076924,0.015594576134154008,0.02368893296507714,0.012584552953403065,0.051159746674497214,0.051159746674497214,0.051159746674497214,0.027153887215867503,0.20174607982403522,0.939376896819145,0.33032994077243916,0.1995540691192865
P11362,FGFR1,25,65,0,1.91,19.16,16.0,0,0,0.4740064742123982,0.33729358180943103,0.15740176782367954,0.86,0.7275700933053875,0.78387144347492,0.6660362632237716,0.7931205872558813,0.7931205872558813,0.7931205872558813,0.6817463465166493,0.522706418190569,0.6310156610159706,0.5662157392024892,0.47605574643821486,0.7418498181342785,0.8538290045351964,0.7857741807609309,0.6583068286892971,0.7025982321763204,0.7032894620901975,0.694788049087065,0.5663559089834121,0.7370660189483718,0.6895770536652891,0.7033231764663787,0.5575893908786358,0.0025,0.0018181818181818182,0.002105263157894737,0.001081081081081081,0.0018181818181818182,0.0018181818181818182,0.0018181818181818182,0.0009302325581395348,0.14588246181063516,0.14588246181063516,0.1458824618106352,0.0794903773680098,0.073925,0.0617578220575434,0.06694423361014425,0.035600120419793296,0.07627461242919444,0.07627461242919444,0.07627461242919444,0.04058374675752404,0.32064957849168374,0.9511636363636364,0.4776068731163234,0.3192982456140351
P62942,FKBP1A,25,44,0,1.6,14.96,13.0,0,0,0.6366045265654026,0.17530378054911755,0.18790695488721787,0.8369230769230769,0.7507142857142857,0.7905583652618136,0.734424704924705,0.8038571428571428,0.8038571428571428,0.8038571428571428,0.7568583019414663,0.6616192963739593,0.6479937343358395,0.6399231816508791,0.5709986588380584,0.8176907249453879,0.7953032581453634,0.7813741326018301,0.7063162040379567,0.649016122035859,0.6519950139772507,0.6490804719126949,0.5906705438264314,0.3269230769230769,0.3282857142857143,0.3265576354679803,0.2833290598290598,0.006153846153846154,0.005333333333333333,0.005714285714285715,0.002962962962962963,0.013904761904761904,0.013904761904761904,0.013904761904761904,0.0072030651340996175,0.26541170233275496,0.26541170233275496,0.26541170233275496,0.1554785830971738,0.13732307692307677,0.12134241951031419,0.12861741492989767,0.07091741897508595,0.13898370348949288,0.13898370348949288,0.13898370348949288,0.07699567047508772,0.2275970027863506,0.9374122807017544,0.36550525976570947,0.22516129032258064
P49841,GSK3B,25,91,0,2.08,17.24,8.8,0,0,0.2965765677302528,0.17011088194396856,0.2685133783468368,0.6311111111111112,0.2930346186321418,0.39823768506467155,0.29017747577499897,0.5842553411426072,0.5842553411426072,0.5842553411426072,0.5186460357756368,0.4610002291671426,0.6266315450974893,0.5168597752711337,0.42907684021399234,0.6852169303403656,0.8650045609705052,0.745159632276873,0.6146013157384679,0.36259773276427437,0.35974810945157054,0.35559338157247516,0.30629043734638073,0.1125,0.09938502673796791,0.10504784688995215,0.09353535353535353,0.013333333333333332,0.04,0.02,0.013333333333333332,0.013333333333333332,0.013333333333333332,0.013333333333333332,0.008,0.10384632417133427,0.10384632417133427,0.10384632417133427,0.057146476904147064,0.07187999999999999,0.06860295671783086,0.057762112767149515,0.033292640191190805,0.07471805544554902,0.07471805544554902,0.07471805544554902,0.04140543544056305,0.20130296863630195,0.882010878010878,0.326150987477666,0.20049382716049383
P14902,IDO1,26,57,0,2.1,19.53846153846154,13.0,0,0,0.500278751108448,0.5740199299660738,0.1978221964363881,0.9112426035502957,0.6428361066291424,0.7430936909464226,0.6085529222837406,0.8223155476637672,0.8223155476637672,0.8223155476637672,0.7105949329071805,0.337222673584222,0.57163245617259,0.4138949702441664,0.3219871713651213,0.4708225685213263,0.8704042725914652,0.5966626652536519,0.4541243936439008,0.7134204071139076,0.7130672809911635,0.6941051405978388,0.5518516916063244,0.7072373724380413,0.6242736491017525,0.6346946033901667,0.473051021320981,0.00591715976331361,0.0033475783475783475,0.004254079254079255,0.0021881163708086784,0.0048860398860398856,0.0048860398860398856,0.004886039886039887,0.002496812055178217,0.09273712227651831,0.09273712227651831,0.09273712227651831,0.04956073549921322,0.05550295857988166,0.03719078772734832,0.04393196358204446,0.023162503957575464,0.054446915618718686,0.054446915618718686,0.054446915618718686,0.028686216754997083,0.43144910644910645,0.988885349754915,0.5934010274058396,0.42905982905982903
Q9NWZ3,IRAK4,25,85,0,1.93,20.52,18.0,0,0,0.5149546171132141,0.7026067455935876,0.08653262590522637,0.9222222222222222,0.8152484732329934,0.8633857224337773,0.7632270164617991,0.8759771130142647,0.8759771130142647,0.8759771130142647,0.7814362687909601,0.21961547662863454,0.32396392496392495,0.25845289685433526,0.19727700002799517,0.475780180506265,0.6452580694159642,0.5402653766159005,0.43944227736149905,0.8356895963169958,0.8370617460540835,0.8315180226277833,0.7175814796187211,0.8570536635706913,0.746935721657084,0.795051096905202,0.6632230327060913,0.0,0.0,0.0,0.0,0.0,0.0,0.0,0.0,0.1419794450475565,0.1419794450475565,0.14197944504755652,0.07707353992990723,0.08673333333333322,0.07598303521727667,0.08078105149281349,0.043164165306673406,0.08691245069000483,0.08691245069000483,0.08691245069000483,0.04648605483041022,0.6396774193548387,0.9925518207282914,0.775804614673096,0.63625
P23458,JAK1,25,44,0,1.81,21.96,20.0,0,0,0.547986488067868,0.5435456909679213,0.0835423052321963,0.9159999999999999,0.8466006098078247,0.8758880537590069,0.7880205163707413,0.904674948673468,0.904674948673468,0.904674948673468,0.8346169533610854,0.3724543090320786,0.42239751988089597,0.3897799766055188,0.3009356564638469,0.7922114897897304,0.7385168436714271,0.7465257341129257,0.6118893130465579,0.8324576947678036,0.833383924533337,0.8253575957588662,0.7114071006793935,0.8595835689365101,0.8178932214682115,0.8294652146951672,0.7149314423707228,0.01,0.00831957671957672,0.009049011128409157,0.004629719956269447,0.009801058201058201,0.009801058201058201,0.009801058201058201,0.005004252732344245,0.16936097183304077,0.16936097183304077,0.16936097183304077,0.09356006529436892,0.08679999999999997,0.07891248996578566,0.08226282532940479,0.043862029585516805,0.08660966910477931,0.08660966910477931,0.08660966910477931,0.0462675504247262,0.5605974395448079,0.9898688290775247,0.7123517155803196,0.556923076923077
O60674,JAK2,24,133,0,1.5,19.5,4.166666666666667,14,0,0.33799316931041634,-0.5442552059256118,-0.3775757722686219,0.0,0.0,0.0,0.0,0.4100385116023156,0.4100385116023156,0.4100385116023156,0.2841595473649999,0.5442552059256118,0.786879712804383,0.6225905326467495,0.4839379042335243,0.5892080829097388,0.8645648979895681,0.6795308311542122,0.5271828537284738,0.3775757722686219,0.3789255610489984,0.3700780985574726,0.2993707934459024,0.3036433172302737,0.2705018543834333,0.2786575180628459,0.22528902522663863,0.0,0.0,0.0,0.0,0.0058754208754208765,0.0058754208754208765,0.0058754208754208765,0.0030098085745926275,0.10430985359899918,0.10430985359899918,0.10430985359899918,0.05648932956917561,0.07179999999999997,0.04529758734538819,0.054742438430024645,0.029238527959503956,0.07625723447097327,0.07625723447097327,0.07625723447097327,0.04068477165462018,0.2553059829557514,0.9790367449420653,0.4009075347071633,0.25333333333333335
P52333,JAK3,27,43,9,1.92,16.74074074074074,16.0,0,0,0.5273258726413519,0.36037000921313145,0.12332069331660822,0.8587962962962963,0.8149564820316454,0.8346249552910061,0.7641658116374318,0.8429301181752161,0.8429301181752161,0.8429301181752161,0.7803369520947782,0.49842628708316483,0.6973933232103166,0.5751848160567385,0.4647301884954627,0.6467377553292736,0.9017445698818247,0.744656147009551,0.6043261864842457,0.7354756029796881,0.7342474376114084,0.7318493234510053,0.6500556425391016,0.45841503267973854,0.45115121806298286,0.45309385570657035,0.3837565966348066,0.0,0.0,0.0,0.0,0.0,0.0,0.0,0.0,0.09316476309940362,0.09316476309940362,0.09316476309940362,0.04950104835080235,0.06837962962962964,0.06512840276402364,0.06654896177190801,0.03543499953980644,0.06723017209128318,0.06723017209128318,0.06723017209128318,0.03580152688628101,0.27306207437786384,0.9179485486675029,0.4202008149496734,0.27225471085120206
O60341,KDM1A,28,43,0,2.74,31.428571428571427,11.392857142857142,0,0,0.6424268842310743,0.33939841778646357,0.20993687844996922,0.8000541125541126,0.3761821128638475,0.45980810367634095,0.3203113092533121,0.7680219155050502,0.7680219155050502,0.7680219155050502,0.6827281246143749,0.46065569476764906,0.5319654515779331,0.4432632950349711,0.29851090142814357,0.6764542274949615,0.668872079097689,0.6195071067632886,0.4638411247194395,0.5901172341041434,0.5857831541502359,0.5191500203908076,0.4221063234651173,0.7974556489262372,0.2874449509486522,0.3914609093328628,0.24671492373928067,0.022727272727272728,0.005752646818493753,0.009177600996078549,0.004723043063379198,0.025115416765107586,0.025115416765107586,0.025115416765107586,0.012879014521662189,0.182763047491007,0.182763047491007,0.182763047491007,0.10648581972266227,0.04969426406926404,0.018587702524200223,0.02494173514931489,0.012957858438493623,0.05092584620994541,0.05092584620994541,0.05092584620994541,0.02666241242735606,0.4752117673992674,0.9948214285714286,0.6063856460783147,0.47456709956709947
P10721,KIT,25,44,0,1.8,22.32,18.4,0,0,0.5499393390931376,0.3677005309791687,0.07043980225539659,0.8061669213139802,0.6560295444025421,0.7176760350780975,0.5665938727987568,0.7967450085468392,0.7967450085468392,0.7967450085468392,0.6811082926983738,0.43846639033481144,0.3880564433278393,0.40815299649947534,0.3210010871548353,0.728945529358842,0.6493927358682506,0.6823156846009535,0.525597347844255,0.7357271190585836,0.7401220128278366,0.7334759011545721,0.60515840291467,0.7169389085361625,0.6487551258640504,0.6786982892198368,0.5215987619082731,0.0036363636363636364,0.0031384615384615388,0.0033687943262411344,0.0017206290471785384,0.0031384615384615388,0.0031384615384615388,0.0031384615384615388,0.0016006402561024409,0.14045494688377985,0.14045494688377985,0.14045494688377985,0.07704820009021775,0.08851991978609623,0.07253506791945236,0.07912721812873187,0.042160298616018596,0.0897211413559743,0.0897211413559743,0.0897211413559743,0.047988314825695585,0.4725024154589372,0.9904898103845471,0.6381300158409384,0.4706382978723404
Q02750,MAP2K1,23,50,0,2.13,19.17391304347826,11.782608695652174,0,0,0.4690021977675464,0.28475801373692716,0.19294913128554925,0.7507601094557615,0.45689312837145657,0.5644979654541644,0.4203499484850296,0.661713620094627,0.661713620094627,0.661713620094627,0.542867293764346,0.4660020957188344,0.6019079686783955,0.5109723480845444,0.3975291813052077,0.6632461664836478,0.7956940520256579,0.6961360477781117,0.5542342495626492,0.5578109781702123,0.5541922267292018,0.5490355440501359,0.4346090080839259,0.4622848024382552,0.5159264853840166,0.47748736333931197,0.3534166694669454,0.007905138339920948,0.003881987577639751,0.0052018633540372675,0.002681296922696147,0.007365822583213887,0.007365822583213887,0.007365822583213887,0.0038033194743156144,0.15063930177000578,0.15063930177000578,0.15063930177000578,0.08283629173820016,0.07183490422620853,0.04449581932515367,0.05461868016235185,0.028964865908786823,0.07097219755947372,0.07097219755947372,0.07097219755947372,0.03771843800455942,0.37182193321361845,0.983984898307149,0.5370357793587072,0.36913895993179874
Q92918,MAP4K1,25,44,0,1.786,20.12,20.0,0,0,0.49963510072740047,0.34228134425230616,0.05784355438312916,0.898,0.8942297307245484,0.8944903041066875,0.8134040654997176,0.8828815315044954,0.8828815315044954,0.8828815315044954,0.7937899016315493,0.5557186557476939,0.5853608329123203,0.5671610412451806,0.4910981275963538,0.8157795160671355,0.8680522316408706,0.836595547850419,0.72540222929176,0.8401564456168709,0.8432527487244812,0.8384754290551885,0.7280568521130535,0.8254451637114175,0.7857814224781515,0.8036981164054634,0.6757976805802892,0.0,0.0,0.0,0.0,0.0,0.0,0.0,0.0,0.19732037992369128,0.19732037992369128,0.19732037992369128,0.11111978649186499,0.08111999999999997,0.0804347387495321,0.08062655281605037,0.04299223629241693,0.0812590095715146,0.0812590095715146,0.0812590095715146,0.043351524102271145,0.6078494623655915,0.9923809523809524,0.7525234189660382,0.604848484848485
P28482,MAPK1,25,122,0,1.62,16.28,12.4,0,0,0.4027464990683955,0.2363095101812802,0.19644029379087724,0.7707692307692308,0.5849630839793312,0.6519412411777417,0.5326444858731304,0.7110413610798051,0.7110413610798051,0.7110413610798051,0.6054455930651084,0.5344597205879505,0.7325533029137148,0.610453461117951,0.4891731219541432,0.6580463997040414,0.8861570325174444,0.7336446334933338,0.5977376455264067,0.5743289369783535,0.5757962269957351,0.5515470589948857,0.4334857096770471,0.5046351981351981,0.4601833680430934,0.46716499858875493,0.3472288739002201,0.003333333333333333,0.0026666666666666666,0.002962962962962963,0.0015384615384615385,0.0026666666666666666,0.0026666666666666666,0.0026666666666666666,0.001379310344827586,0.060775067571635075,0.060775067571635075,0.060775067571635075,0.031941752563108855,0.05707179487179486,0.04482882261979058,0.04778558882123028,0.025313967711627798,0.05782112401785858,0.05782112401785858,0.05782112401785858,0.030880560403619133,0.28781745462114794,0.9272082443871917,0.4315315268498172,0.2850909090909091
P53779,MAPK10,23,61,0,2.0,19.956521739130434,18.391304347826086,0,3,0.5064705943862416,0.2804606917364353,0.07059139778723034,0.9060513602847698,0.8388455206010671,0.865679460964911,0.7724181099193536,0.9051192346162994,0.9051192346162994,0.9051192346162994,0.8358131574811508,0.6255906685483346,0.6430109489941844,0.6283576466601143,0.4957300101573932,0.6995408729333216,0.7003780987526386,0.6921406269648337,0.5487603131876962,0.8354599624975395,0.8386487321047937,0.8283545407780385,0.7178259220247077,0.7643265180910687,0.7750507153775485,0.7573957948362664,0.6189127780432129,0.024154589371980683,0.021172826664817512,0.022521982590632476,0.011561124127401963,0.021172826664817512,0.021172826664817512,0.021172826664817512,0.01085272127158408,0.07309022506142196,0.07309022506142196,0.07309022506142196,0.03858024831993926,0.06863208746503936,0.06373825343202767,0.06565792243999431,0.034782114727287115,0.07180844787543125,0.07180844787543125,0.07180844787543125,0.03820331235360084,0.5353025659931031,0.9836641461877756,0.689808194271834,0.5299647473560516
Q16539,MAPK14,29,212,1,1.7,19.137931034482758,10.413793103448276,0,0,0.38203488299352667,0.17477826455472623,0.2809648131373804,0.7401253918495299,0.37747340181417266,0.49452002953669044,0.36135879177106245,0.6047069359869617,0.6047069359869617,0.6047069359869617,0.49321482477864487,0.5653471272948036,0.5678008430960283,0.5596936567710304,0.4706594536121188,0.7425394751768066,0.729958752236696,0.7273446599029715,0.6158881187796049,0.45916057871214944,0.45527602902906494,0.4478681341422139,0.3434068497323089,0.3728357697958425,0.31054917598207876,0.33549347650195205,0.24132871368832784,0.00658307210031348,0.0043272481406355645,0.005206798310246586,0.002705570291777189,0.0043272481406355645,0.0043272481406355645,0.0043272481406355645,0.0022339927215075848,0.1033797487085626,0.1033797487085626,0.1033797487085626,0.055450642108701535,0.0634670846394984,0.035274307315126145,0.04397845636421011,0.02323838837856721,0.06234532518120645,0.06234532518120645,0.06234532518120645,0.0330625871739378,0.22307660518816025,0.9299928857484638,0.35730421377272586,0.22185292895720815
P08581,MET,25,94,0,1.67,20.56,13.4,0,0,0.4347673902250639,0.0729341224078065,0.22685104704100723,0.8243956043956043,0.5323127748651642,0.6410234873670128,0.4922780310855785,0.701483123144087,0.701483123144087,0.701483123144087,0.5628502233946634,0.7514614819877978,0.713898718715464,0.7276510988459931,0.6312156403693624,0.8300260752892332,0.7862723096977505,0.8003745882417515,0.6970439231976452,0.5975445573545971,0.5960728170710302,0.5879565953741431,0.46103529008054506,0.11097826086956522,0.09531874129768866,0.10250756302521008,0.07544257703081232,0.006153846153846154,0.0032666666666666664,0.004267425320056899,0.002192192192192192,0.007371929824561403,0.007371929824561403,0.007371929824561404,0.003774112467121586,0.1688062065119139,0.1688062065119139,0.1688062065119139,0.09506711475141855,0.07623956043956043,0.05029251404377019,0.05885268474302243,0.031236098890678476,0.07886995222096418,0.07886995222096418,0.07886995222096418,0.04215155151237563,0.3685903055714376,0.9472994987468673,0.527270643339644,0.36654545454545456
P16083,NQO2,24,49,1,1.53,7.041666666666667,6.416666666666667,0,0,0.44730196254444277,0.4787597864886195,0.16446097883597888,0.6884920634920636,0.6014880952380952,0.6361492673992674,0.5590608465608465,0.6695271164021164,0.6695271164021164,0.6695271164021164,0.6199945887445887,0.20973227700344407,0.580952380952381,0.3037543708685204,0.20357713543429992,0.35904811012829424,0.9109292328042328,0.5025703388511551,0.34553519700300894,0.5240310846560847,0.5190273644179895,0.5150157212391153,0.455102625962001,0.5425595238095239,0.5548941798941799,0.543772444875386,0.4902943121693122,0.0,0.0,0.0,0.0,0.0,0.0,0.0,0.0,0.07194113756613756,0.07194113756613756,0.07194113756613756,0.03885789706223143,0.04103174603174602,0.03771246693121693,0.038878777472527465,0.02129059135309135,0.04106960978835978,0.04106960978835978,0.04106960978835978,0.02253250516969557,0.2978151075977163,0.9600694444444443,0.45260625250602543,0.2952898550724638
Q96RI1,NR1H4,25,81,0,1.9,24.2,20.8,0,0,0.5919422060854395,0.4742045673498419,0.13345235837431468,0.8506753246753247,0.7263037810654002,0.7818868583253892,0.6593293015138133,0.8150736176367361,0.8150736176367361,0.8150736176367361,0.7126940916044364,0.3764707573254828,0.44345037618830724,0.4031673423938452,0.3496968204155111,0.8011857261123092,0.9249167207937823,0.8536758191598137,0.7489763172593605,0.71722296630101,0.7168744439637768,0.7146816059364085,0.582109998082024,0.507167701863354,0.461035549691022,0.47872053227907835,0.3194541449334462,0.005454545454545454,0.005220611916264091,0.0053151927437641725,0.0027180339985218038,0.011487200844022433,0.011487200844022433,0.011487200844022433,0.005865670981435101,0.25947619756555285,0.25947619756555285,0.25947619756555285,0.15192561178577768,0.11426727272727273,0.09860537848491673,0.10558121926375015,0.056844670743493274,0.11438270762886954,0.11438270762886954,0.11438270762886954,0.061829011442929405,0.39157178581351965,0.9791082418386766,0.5586568370850149,0.3888524590163934
O75469,NR1I2,27,56,2,2.14,18.14814814814815,15.407407407407407,0,0,0.3534232191687998,0.263114703800012,0.10575054734442835,0.7887345679012346,0.693403469149021,0.7218008073859054,0.5720418664597507,0.7680393522987237,0.7680393522987237,0.7680393522987237,0.6346875931466011,0.5256198641012226,0.818222082251449,0.6262018941981559,0.5092043109050387,0.6189492677754538,0.9550274612383689,0.7364487327058641,0.5976096132888357,0.6829840205568063,0.6804005473487358,0.6571241345992184,0.5046903409348399,0.710462257804879,0.6012396291785249,0.6270676850034874,0.4611499757392892,0.00941358024691358,0.009547859547859548,0.009272235198161125,0.004788648275238314,0.013944293018367093,0.013944293018367093,0.013944293018367093,0.007189096584773612,0.13678613090021335,0.13678613090021335,0.13678613090021335,0.07474923194929962,0.06739660493827163,0.05757885357551868,0.0607734374686602,0.0322922519857394,0.06705277356873604,0.06705277356873604,0.06705277356873604,0.03570113616102379,0.46345535819220024,0.9922085048010975,0.6218651668056282,0.46153846153846156
P04629,NTRK1,26,49,1,2.0229,20.423076923076923,14.423076923076923,0,0,0.440419132716484,0.09206736230962875,0.2244141663855842,0.780952380952381,0.5171328917843616,0.6196790501960432,0.48154775578688624,0.6831434972871341,0.6831434972871341,0.6831434972871341,0.5627558232365925,0.6888850186427522,0.8050961358785688,0.7349684849330738,0.6166453919333145,0.7108283384808088,0.806099480360174,0.7435906320167593,0.6271433480834445,0.5565382145667968,0.5532859545103759,0.5518903182369184,0.4380983021514059,0.15737208126224145,0.1691951101276044,0.16229399085989948,0.10943093052319809,0.002747252747252747,0.0015384615384615385,0.0019723865877712033,0.0010121457489878543,0.00336996336996337,0.00336996336996337,0.00336996336996337,0.0017230156602978904,0.1637575508716153,0.1637575508716153,0.1637575508716153,0.09092677410473658,0.08126923076923075,0.05844291351548436,0.06581948856493677,0.0350227211414943,0.08093212887613078,0.08093212887613078,0.08093212887613078,0.04327074922189034,0.34299416887315615,0.9870278510663126,0.5019451425429405,0.34093872229465444
P09874,PARP1,25,57,0,1.97,16.6,11.4,0,0,0.4476463906553565,0.47637966993271696,0.2031027745946864,0.89,0.6220887342791368,0.7234955656029168,0.5940434797400741,0.789923512332181,0.789923512332181,0.789923512332181,0.6774377004546508,0.41362033006728305,0.6641335881181082,0.5043662190919835,0.38222672291453336,0.5103335314768791,0.838463424947945,0.6265291224271069,0.47164653681710583,0.6868972254053136,0.6862735090245153,0.6743565599400715,0.5464726280468905,0.023157894736842106,0.024444444444444446,0.023783783783783784,0.016923076923076923,0.02,0.01561869417132575,0.017458300838946,0.009060791826309068,0.029133175561968132,0.029133175561968132,0.029133175561968132,0.015041039835409371,0.08949182568377616,0.08949182568377616,0.08949182568377616,0.04784245895587188,0.050781818181818164,0.035589188437981006,0.0411023589647713,0.02176254790411629,0.04908073275365843,0.04908073275365843,0.04908073275365843,0.02594539102169499,0.35959220108057316,0.9477339181286549,0.5172524296924427,0.3573333333333333
Q08499,PDE4A|PDE4B|PDE4C|PDE4D,26,112,0,1.55,15.153846153846153,14.0,0,0,0.4585004556018631,0.5109547941861623,0.19914346929730053,0.7362637362637362,0.6915660518333774,0.7079388620132631,0.6363755353693434,0.6823730781205776,0.6823730781205776,0.6823730781205776,0.5986539105228078,0.2253089420775739,0.463280839949392,0.3014034152536928,0.21258261162198538,0.401681383897122,0.8135741246660514,0.5343287350667701,0.3814725030017349,0.5371202669664357,0.5318947704738965,0.5260747900388543,0.44261736172034916,0.057692307692307696,0.04871794871794872,0.05271883289124668,0.04038461538461539,0.0,0.0,0.0,0.0,0.0,0.0,0.0,0.0,0.06499311397501442,0.06499311397501442,0.06499311397501442,0.03446919822618417,0.051813186813186814,0.04801346152425278,0.04919344446279011,0.026048135947993694,0.0499080387326547,0.0499080387326547,0.0499080387326547,0.026477264258560538,0.16359955433059423,0.8748767894472228,0.2744637089889688,0.16172381835032437
P42336,PIK3CA,25,51,1,2.413,18.08,13.0,0,0,0.38462720087591734,0.3882144217607672,0.26314093890663104,0.7538461538461538,0.5296804043356473,0.6195141751356362,0.5266525405585575,0.6592794815256384,0.6592794815256384,0.6592794815256384,0.5845044903385628,0.36563173208538663,0.383717631034107,0.3722521464350546,0.31408826080242824,0.7094522090800123,0.7569966619447169,0.7252518514298061,0.6218114826270432,0.4907052149395228,0.4907531398081734,0.48586246842804315,0.42015303736087484,0.3944934640522875,0.3478004226251904,0.36734681177096035,0.31630609857978276,0.006153846153846154,0.006,0.006057142857142857,0.0031481481481481477,0.004888888888888889,0.004888888888888889,0.004888888888888889,0.002522167487684729,0.03880424419958677,0.03880424419958677,0.03880424419958677,0.02097468395517176,0.034246153846153836,0.026665538468934477,0.029721327533387538,0.015801351314600923,0.03588315137160889,0.03588315137160889,0.03588315137160889,0.019088517083839285,0.16173832758187262,0.8661111111111112,0.2715562481595306,0.16122448979591839
P48736,PIK3CG,25,93,0,2.45,18.76,17.0,0,0,0.367063370951923,0.8989828130982488,0.09942427892884553,0.9082352941176471,0.8329082737008433,0.8644636334384483,0.7659058579306257,0.8680675179653506,0.8680675179653506,0.8680675179653506,0.7726699649044514,0.009252481019398311,0.020169172932330826,0.012570656129334,0.006422595174888475,0.7286916276974698,0.8810303492517114,0.7922343572781937,0.6612311693415142,0.8088110151888016,0.8103711456714942,0.8005515276379017,0.6757575133361924,0.7965570714115607,0.804095304248555,0.7903199042767117,0.6634182571052136,0.0,0.0,0.0,0.0,0.0,0.0,0.0,0.0,0.028314126190287184,0.028314126190287184,0.028314126190287184,0.014570440987757435,0.027411764705882337,0.024659384566242143,0.025848151276600288,0.013461118681158053,0.02822158219833142,0.02822158219833142,0.02822158219833142,0.014701004804627327,0.4770359465096307,0.9846539425486793,0.6391330250823848,0.47179487179487173
P00749,PLAU,22,81,0,1.65,16.227272727272727,13.409090909090908,0,0,0.5277582497670593,0.10931488746891238,0.18198825732446078,0.8051948051948052,0.6465978895545459,0.7138907325413137,0.6103848503204069,0.7227591594851659,0.7227591594851659,0.7227591594851659,0.6236949058106009,0.6958799177258929,0.7304904138688968,0.7001272209127828,0.5578597209484457,0.7072435540895292,0.7456419290204118,0.7131142338997958,0.5654354785242034,0.6232065478703445,0.6255346972321626,0.6194471919461294,0.5237150945951338,0.5716843356162242,0.5159892545534962,0.532077741162107,0.4365752932376523,0.0,0.0,0.0,0.0,0.009864121087031304,0.009864121087031304,0.009864121087031304,0.005070114161023252,0.17478483418885896,0.17478483418885896,0.17478483418885896,0.09682351072717736,0.06314185814185815,0.052713760504201644,0.056955068077871956,0.030254166252736,0.06346385711381836,0.06346385711381836,0.06346385711381836,0.033736108318819354,0.3259743620768466,0.9720779220779221,0.4867602889565524,0.3246753246753247
Q07869,PPARA,22,52,0,1.59,24.227272727272727,21.40909090909091,0,3,0.5360259911124376,0.3699569509132985,0.13406668017965073,0.855470287288469,0.7480868452568973,0.7922493072770938,0.6783902163137544,0.8160696243191367,0.8160696243191367,0.8160696243191367,0.725920728916894,0.48551333637517047,0.8576470600085419,0.6153741915887845,0.47089045961437004,0.5190538699157039,0.9485561509176326,0.6641681840447486,0.5044309931549037,0.7214036071088182,0.7207377747599533,0.7115064098574524,0.5859192632028585,0.7631882427336971,0.776959392336457,0.7604994507028852,0.6336756241226744,0.004329004329004329,0.0032467532467532465,0.0037105751391465673,0.0018939393939393938,0.008255709807433946,0.008255709807433946,0.008255709807433946,0.004204430793631067,0.2537743040966208,0.2537743040966208,0.2537743040966208,0.14822643416504333,0.09642857142857143,0.08537134760017487,0.08974834095320255,0.04794695580812997,0.09424041860951392,0.09424041860951392,0.09424041860951392,0.05049528593412254,0.4610985760172243,0.9793213441126326,0.6234024664327321,0.45891608391608385
Q03181,PPARD,25,53,0,1.95,25.4,25.0,0,20,0.6889702611726092,0.44083069156421395,0.12972001926414978,0.8655999999999999,0.8512782373825855,0.8572509659678229,0.8264349818113793,0.8530208883243209,0.8530208883243209,0.8530208883243209,0.8194555644173979,0.424769308435786,0.6924136456136455,0.525439520775527,0.4148399745868652,0.5992758329264027,0.9615731897731896,0.7359409373148952,0.5852425241076791,0.7358799807358501,0.7389089769239997,0.7353280691832138,0.6879741963825018,0.6177364458407937,0.47428166197731414,0.5356132514530456,0.46413893562289615,0.0,0.0,0.0,0.0,0.0,0.0,0.0,0.0,0.32910992128474964,0.32910992128474964,0.32910992128474964,0.19931070582931296,0.10631999999999996,0.10465212106937044,0.10533619964526411,0.05663116176818895,0.10547214375488054,0.10547214375488054,0.10547214375488054,0.05673073431577551,0.42147905708162875,0.9926984126984126,0.5909950812240429,0.42
P37231,PPARG,26,283,0,1.7,19.807692307692307,11.26923076923077,0,0,0.519724225405793,0.17606284736747224,0.223734530335633,0.6793930428545814,0.3670417507810081,0.4699677187902217,0.323640624518551,0.5805138751443254,0.5805138751443254,0.5805138751443255,0.4378825668037324,0.5033301954871091,0.8466362942420906,0.6170910381047728,0.47803089106364727,0.5940275379557066,0.9217494164140364,0.6944931988525217,0.5453510277459209,0.45565851251894834,0.4589617380706409,0.44848749694753975,0.33239217626525763,0.03388637506284565,0.0198403720462544,0.024311265657419503,0.01307760866584396,0.006163708086785009,0.0033444816053511705,0.004334554334554334,0.0022301228183581124,0.005016722408026756,0.005016722408026756,0.005016722408026756,0.002564102564102564,0.2119187005060453,0.2119187005060453,0.2119187005060453,0.12202001491431183,0.08455881298188987,0.04795412399375454,0.06003929723619158,0.031890758900340696,0.0815393650760454,0.0815393650760454,0.0815393650760454,0.04361088541604208,0.22177785446079337,0.9471100038506097,0.3569483255241152,0.22003577817531308
P18031,PTPN1,26,236,0,1.59,9.73076923076923,0.0,26,0,0.3815816594488747,-0.1478937728937729,-0.07310867930427647,0.0,0.0,0.0,0.0,0.15079365079365079,0.15079365079365079,0.1507936507936508,0.10859265169219919,0.1478937728937729,0.11645126128931797,0.12795515118095763,0.11137941006362059,0.1847069597069597,0.14433587667393336,0.15937797672143023,0.1346208744815556,0.07310867930427647,0.07391010965530197,0.07283660799604329,0.05793532086475799,0.04487179487179487,0.03486279802069276,0.038576007326007335,0.03036437246963563,nan,nan,nan,nan,0.003947368421052632,0.003947368421052632,0.003947368421052632,0.002025694333386641,0.04294569016228934,0.04294569016228934,0.04294569016228936,0.023160369117429285,nan,nan,nan,nan,0.04182493732088873,0.04182493732088873,0.04182493732088873,0.022535230599106445,0.056833475539476805,0.7453336249894954,0.10470875168409127,0.05635062611806797
P19793,RXRA,26,81,0,1.9,20.423076923076923,21.0,0,1,0.5220366974436247,0.12259550630192717,0.09984696090728218,0.8608058608058609,0.8597866205151843,0.857687129217171,0.8052501484023223,0.8636926958938671,0.8636926958938671,0.8636926958938671,0.8198416856276389,0.7382103545039337,0.8042010858527213,0.7649002992841303,0.7039616436419506,0.8033754882831979,0.8805269339177,0.8339928146440779,0.7633412223965291,0.7609588998985787,0.7631665803545177,0.7574103688846855,0.6874371034094965,0.07304347826086957,0.0744513457556936,0.07365656565656566,0.06866086956521739,0.007326007326007326,0.012050751181185964,0.008401143016527631,0.004323976376582695,0.005640494770929553,0.005640494770929553,0.005640494770929553,0.0028916882575419156,0.26007504393424435,0.26007504393424435,0.26007504393424435,0.15094540777376123,0.09798534798534789,0.1059199345079174,0.0995045601711157,0.05348964115040908,0.1006956905178099,0.1006956905178099,0.1006956905178099,0.05431088850757135,0.3390599594050438,0.912124060150376,0.4932338459062861,0.3373819163292847
P12931,SRC,23,42,0,1.7,14.26086956521739,9.0,0,0,0.551905117191146,0.3143811147647467,0.2164308193701049,0.8357487922705316,0.5969201466038188,0.681203985437395,0.5718621128501328,0.7901040539104064,0.7901040539104064,0.7901040539104064,0.7268804930132162,0.5213676775057848,0.3265898027309681,0.3819097534429342,0.29489180895830513,0.5213676775057848,0.3265898027309681,0.3819097534429342,0.29489180895830513,0.6193179729004267,0.629438294056901,0.5964400776308338,0.5007595216234799,0.4170989066870074,0.31986958017379336,0.33708097111395463,0.25014732056056593,0.014492753623188404,0.006069047855934733,0.008540372670807454,0.0045088566827697265,0.03281109478912448,0.03281109478912448,0.03281109478912448,0.01725512339323081,0.17154689844208593,0.17154689844208593,0.17154689844208593,0.09513308492971885,0.12811594202898535,0.08352362618542886,0.09888320352628133,0.05429079682403355,0.13406000363682938,0.13406000363682938,0.13406000363682938,0.07470009774482399,0.20458971011227337,0.9264950143158778,0.3299881116087953,0.20108695652173914
P43405,SYK,25,78,0,1.6,19.52,18.0,0,0,0.4364131803068094,0.06438691446600986,0.06995436898842466,0.9311111111111111,0.8608309141838554,0.8931574552131828,0.8102288263478195,0.89996918767507,0.89996918767507,0.89996918767507,0.8233996651708324,0.8667241966451013,0.8759958943705073,0.866921228653079,0.7746102055602411,0.8667241966451013,0.8759958943705073,0.866921228653079,0.7746102055602411,0.8611567421226864,0.8625406461787266,0.859083722497198,0.7597470346320346,0.8506066145756548,0.8743895835846299,0.8597538874247235,0.7601884434406173,0.013333333333333332,0.012431077694235588,0.012862092862092863,0.006608187134502923,0.012431077694235588,0.012431077694235588,0.012431077694235588,0.006381015161502967,0.19079230160963903,0.19079230160963903,0.19079230160963906,0.10717536965401679,0.08557777777777767,0.07908002334267036,0.08206940221819475,0.04389766037446999,0.08287774639361324,0.08287774639361324,0.08287774639361324,0.04428143252713634,0.6962433862433862,0.9958947368421053,0.818281012316905,0.6942857142857143
P33981,TTK,28,60,0,2.26,19.607142857142858,15.0,0,0,0.474061454924568,0.18548238756563107,0.18382330945479852,0.8738095238095239,0.663923958891617,0.748501735058948,0.6342448660541847,0.7871772369848442,0.7871772369848442,0.7871772369848443,0.694887075357066,0.6883271362438929,0.7312875069362795,0.697640084933704,0.568826735193966,0.7667084887849093,0.7903419941157667,0.7624851126226745,0.6275958136998866,0.6899862143547254,0.688846028992763,0.6762159830343822,0.5583756546780065,0.3387344563331406,0.24720759428991407,0.2821750045074029,0.17904687796876015,0.0047619047619047615,0.003051948051948052,0.0037162162162162164,0.0019078144078144078,0.003051948051948052,0.003051948051948052,0.003051948051948052,0.001559427757814089,0.14665653740537637,0.14665653740537637,0.14665653740537637,0.08060132070264492,0.08554761904761905,0.06547040539767209,0.07331509519175147,0.03906541331800729,0.08663382598765998,0.08663382598765998,0.08663382598765998,0.04637987947002644,0.4040134770795039,0.9780344424094424,0.5667866719406164,0.40178571428571436
P02766,TTR,25,215,0,1.198,8.56,8.0,0,0,0.430384806977245,0.935,0.05580277777777787,0.935,0.8878412698412699,0.9056451914098973,0.8355656565656565,0.9477460317460317,0.9477460317460317,0.9477460317460317,0.9082501942501944,0.0,0.0,0.0,0.0,0.0,0.0,0.0,0.0,0.8791972222222222,0.879875396825397,0.868901128884875,0.7754596042846044,0.9392857142857143,0.8773968253968255,0.9020431962258588,0.8294545454545456,0.0,0.0,0.0,0.0,0.0,0.0,0.0,0.0,0.01,0.01,0.01,0.005333333333333333,0.0866,0.08117190476190475,0.08331866479925301,0.0461706717688916,0.08556142857142855,0.08556142857142855,0.08556142857142855,0.04716866294307538,0.6574358974358974,0.9955555555555555,0.787302533012373,0.6553846153846153
P29597,TYK2,23,47,0,2.03,19.565217391304348,0.0,23,0,0.47430800026240133,-0.43172403806134285,-0.4289178539255628,0.0,0.0,0.0,0.0,0.4152004961015771,0.4152004961015771,0.4152004961015771,0.27025566019651326,0.43172403806134285,0.5155668457178549,0.461748461546921,0.3748614923481633,0.6694148560677343,0.8516043871231677,0.7307081552415562,0.5871467557304788,0.4289178539255628,0.43259474813689125,0.4278094402433857,0.37955858346342103,0.3584863985119739,0.3216857763628058,0.3351384599661701,0.27373694159785095,nan,nan,nan,nan,0.0,0.0,0.0,0.0,0.14207300787374763,0.14207300787374763,0.14207300787374763,0.07759240760309413,nan,nan,nan,nan,0.08328252304048096,0.08328252304048096,0.08328252304048096,0.044465238220460675,0.3821629521373768,0.9942429970785358,0.5503803924372717,0.381074168797954
